0.0654079914093,	0,	-0.0489558242261,	0.72248852253,	0.8771007061,	-2.2650001049,	-6.46875,	9.78750038147,	-0.68603515625,	-0.0380859375,	0.77734375,	0.016495488584,	-0.0101101379842,	-0.0239450652152
0.076700925827,	0,	-0.0488178990781,	0.722340583801,	0.877019226551,	-4.07700014114,	-11.6437501907,	17.6175003052,	-0.678466796875,	-0.031982421875,	0.7744140625,	0.0171365886927,	-0.00571219623089,	-0.0212909132242
0.0895450115204,	0,	-0.0486618950963,	0.722395658493,	0.87755459547,	-6.09285020828,	-16.2056255341,	23.6096248627,	-0.671630859375,	-0.0302734375,	0.750732421875,	0.0167236588895,	-0.00661313394085,	-0.0202585887164
0.101087093353,	0,	-0.048391815275,	0.722236514091,	0.878776073456,	-7.70553016663,	-19.8551254272,	28.4033241272,	-0.681640625,	-0.02490234375,	0.7763671875,	0.0147628067061,	-0.00956952385604,	-0.0234054625034
0.112972974777,	0,	-0.0480390153825,	0.72205889225,	0.880186200142,	-8.85411167145,	-22.6340999603,	32.3742218018,	-0.677978515625,	-0.02197265625,	0.77880859375,	0.0149263674393,	-0.0046653188765,	-0.022841475904
0.12491106987,	0,	-0.0476819388568,	0.722026586533,	0.881475150585,	-9.77297687531,	-24.8572807312,	35.5509414673,	-0.687744140625,	-0.0224609375,	0.78076171875,	0.0166438575834,	-0.00247573922388,	-0.0217717885971
0.137122869492,	0,	-0.0473775975406,	0.721862673759,	0.882554829121,	-10.2249441147,	-26.3545742035,	38.2282524109,	-0.666748046875,	-0.02392578125,	0.766845703125,	0.0167620927095,	-0.0024160828907,	-0.0222857482731
0.148935079575,	0,	-0.0471801534295,	0.721710503101,	0.88326382637,	-10.5865182877,	-27.5524101257,	40.3701019287,	-0.67333984375,	-0.026611328125,	0.77001953125,	0.0163581855595,	-0.0059928977862,	-0.0248644854873
0.161037921906,	0,	-0.0471095964313,	0.721442043781,	0.883992612362,	-10.8757772446,	-28.9325523376,	41.94764328,	-0.677490234375,	-0.031494140625,	0.783935546875,	0.0154447220266,	-0.00584849063307,	-0.0253039225936
0.173029899597,	0,	-0.0471419245005,	0.721355438232,	0.884498953819,	-11.1071844101,	-30.0366668701,	43.2096786499,	-0.680908203125,	-0.035888671875,	0.777587890625,	0.0166304316372,	-0.00155323871877,	-0.0241748988628
0.18489408493,	0,	-0.0473446808755,	0.721318244934,	0.884873449802,	-11.7169971466,	-30.7793331146,	44.3552436829,	-0.671630859375,	-0.041015625,	0.762939453125,	0.0141525380313,	-0.00151581130922,	-0.0230730809271
0.197062969208,	0,	-0.0475782379508,	0.721197068691,	0.885316550732,	-12.2048473358,	-31.3734664917,	45.2716941833,	-0.677001953125,	-0.04345703125,	0.772216796875,	0.0138115119189,	-0.00511431973428,	-0.0214785225689
0.209292888641,	0,	-0.0477096140385,	0.721128880978,	0.885838210583,	-12.3120031357,	-31.7081489563,	45.7329788208,	-0.68408203125,	-0.0400390625,	0.77587890625,	0.012440122664,	-0.00602966407314,	-0.0194030962884
0.220932006836,	0,	-0.0478291846812,	0.721150577068,	0.88630926609,	-12.3977279663,	-31.975894928,	46.1020088196,	-0.68359375,	-0.0400390625,	0.77099609375,	0.0126596521586,	-0.00328791816719,	-0.0178969688714
0.232930898666,	0,	-0.047846712172,	0.721278011799,	0.886909604073,	-12.4663076401,	-32.7525901794,	46.6691055298,	-0.681396484375,	-0.03515625,	0.76123046875,	0.0113160181791,	-0.00268940068781,	-0.0174657180905
0.244875907898,	0,	-0.0477499775589,	0.721312463284,	0.887794911861,	-12.5211715698,	-33.3739471436,	47.1227836609,	-0.68115234375,	-0.03125,	0.76611328125,	0.00948547199368,	-0.00522104837,	-0.0149676948786
0.257030010223,	0,	-0.0475996881723,	0.721348881721,	0.888712465763,	-12.7066249847,	-33.4491577148,	47.3497886658,	-0.688720703125,	-0.029541015625,	0.774169921875,	0.0108147766441,	-0.00561453076079,	-0.0161648988724
0.269692897797,	3,	-0.0473943464458,	0.721319317818,	0.889758825302,	-12.8549880981,	-33.5093269348,	47.5313949585,	-0.67919921875,	-0.027099609375,	0.769775390625,	0.011073471047,	-0.00444065965712,	-0.0168139655143
0.28133392334,	3,	-0.0471594035625,	0.721274077892,	0.890745818615,	-12.6905527115,	-33.5574607849,	47.8126144409,	-0.677734375,	-0.026123046875,	0.77099609375,	0.0108066406101,	-0.00277578434907,	-0.0158895179629
0.292705059052,	3,	-0.046967137605,	0.72113609314,	0.891626596451,	-12.5590047836,	-33.5959701538,	48.0375900269,	-0.677001953125,	-0.027587890625,	0.77587890625,	0.0115848220885,	-0.00426676962525,	-0.0175838023424
0.30522108078,	3,	-0.0468328557909,	0.720978617668,	0.892446875572,	-12.5953292847,	-33.6267776489,	48.0816345215,	-0.678955078125,	-0.029052734375,	0.779296875,	0.0113056693226,	-0.0046832463704,	-0.0192372575402
0.316773891449,	3,	-0.0468020774424,	0.720898628235,	0.893125295639,	-12.6243886948,	-33.6514205933,	48.1168708801,	-0.6787109375,	-0.032958984375,	0.7763671875,	0.0105139520019,	-0.000935363117605,	-0.0177351292223
0.329182863235,	3,	-0.0468597002327,	0.720933139324,	0.893546640873,	-12.6476364136,	-33.6711349487,	48.28099823,	-0.675048828125,	-0.0361328125,	0.76318359375,	0.0107798948884,	-0.000912824179977,	-0.0167884863913
0.340803861618,	3,	-0.0469759814441,	0.72099930048,	0.893826961517,	-12.6662340164,	-33.6869087219,	48.4123001099,	-0.677978515625,	-0.03759765625,	0.762939453125,	0.01000084728,	-0.00192940956913,	-0.017941813916
0.352873086929,	3,	-0.0471662953496,	0.721026360989,	0.893972992897,	-12.5395498276,	-33.6995277405,	48.5173416138,	-0.6845703125,	-0.0419921875,	0.772216796875,	0.010279154405,	-0.00292149884626,	-0.0159516111016
0.364603042603,	3,	-0.0472971051931,	0.721084952354,	0.894113838673,	-12.438202858,	-33.7096214294,	48.6013717651,	-0.68505859375,	-0.039794921875,	0.77099609375,	0.0100314635783,	-0.00233181077056,	-0.0155672347173
0.376971006393,	3,	-0.0473294518888,	0.721164345741,	0.894284665585,	-12.3571252823,	-33.2958221436,	48.3967208862,	-0.680419921875,	-0.03662109375,	0.764892578125,	0.0092704501003,	-0.00175633188337,	-0.0125956675038
0.388585090637,	3,	-0.0473314039409,	0.721168279648,	0.894476473331,	-12.292263031,	-32.9647827148,	48.233001709,	-0.68212890625,	-0.035400390625,	0.771240234375,	0.00852777436376,	-0.00327188242227,	-0.0128114484251
0.401088953018,	3,	-0.047327760607,	0.721040725708,	0.894825398922,	-12.3819351196,	-32.9812011719,	48.2379646301,	-0.676025390625,	-0.03564453125,	0.774169921875,	0.00832228548825,	-0.00371233234182,	-0.0119834477082
0.412543058395,	3,	-0.0472801961005,	0.720980107784,	0.895224392414,	-12.4536733627,	-32.9943351746,	48.24193573,	-0.670166015625,	-0.033203125,	0.76416015625,	0.00708316639066,	-0.00206500687636,	-0.0111753987148
0.425054073334,	3,	-0.047019302845,	0.72096735239,	0.895717918873,	-12.227938652,	-33.0048446655,	48.3810501099,	-0.68359375,	-0.02587890625,	0.77685546875,	0.00795106962323,	-0.00149595714174,	-0.0109061123803
0.436619997025,	3,	-0.0466185733676,	0.720936775208,	0.896264493465,	-12.0473508835,	-33.0132522583,	48.4923400879,	-0.6904296875,	-0.02099609375,	0.784423828125,	0.00931734871119,	-0.00353707233444,	-0.0111626051366
0.448606014252,	3,	-0.046374630183,	0.720783889294,	0.896780788898,	-12.1860055923,	-33.1606025696,	48.7173118591,	-0.6806640625,	-0.02587890625,	0.7841796875,	0.00857354514301,	-0.0018939699512,	-0.0129707893357
0.460144996643,	3,	-0.0462824515998,	0.720626592636,	0.897161781788,	-12.2969293594,	-33.2784805298,	48.8972892761,	-0.666015625,	-0.030517578125,	0.76806640625,	0.00732837151736,	-0.0013290415518,	-0.0126582402736
0.473495006561,	3,	-0.0461936742067,	0.720568954945,	0.897565722466,	-12.3856687546,	-33.3727836609,	48.6334571838,	-0.6787109375,	-0.03125,	0.774658203125,	0.00767107494175,	-0.0018163069617,	-0.0118339331821
0.484241008759,	3,	-0.0461986511946,	0.720402121544,	0.898065507412,	-12.4566602707,	-33.4482269287,	48.4223899841,	-0.67431640625,	-0.034912109375,	0.778564453125,	0.00748622976243,	-0.00125325005502,	-0.0120680676773
0.49699306488,	3,	-0.0463571473956,	0.720480561256,	0.898214459419,	-12.5134534836,	-33.7898330688,	48.6613502502,	-0.68408203125,	-0.040283203125,	0.77001953125,	0.00626725703478,	-0.00174234178849,	-0.0107386903837
0.508533000946,	3,	-0.0464896187186,	0.720445275307,	0.898529052734,	-12.5588874817,	-34.063117981,	48.852519989,	-0.678466796875,	-0.0400390625,	0.7724609375,	0.00663552992046,	-0.00170035776682,	-0.00996063556522
0.520629882812,	3,	-0.0465891808271,	0.720655679703,	0.898615896702,	-12.5952348709,	-33.8598709106,	48.7335777283,	-0.690673828125,	-0.038818359375,	0.766845703125,	0.00751421973109,	-0.00217867596075,	-0.0102399103343
0.53239607811,	3,	-0.0465991683304,	0.720885932446,	0.898792028427,	-12.6243133545,	-33.6972732544,	48.6384239197,	-0.6826171875,	-0.03466796875,	0.75634765625,	0.00629457179457,	-0.00212617777288,	-0.00947387516499
0.54479598999,	3,	-0.0466228015721,	0.720946073532,	0.8991959095,	-12.7891387939,	-33.7078170776,	48.4263648987,	-0.67822265625,	-0.03515625,	0.7626953125,	0.00614289566875,	-0.00363281625323,	-0.0102841705084
0.556076049805,	3,	-0.0463978387415,	0.720930278301,	0.900063991547,	-12.9209985733,	-33.716255188,	48.2567176819,	-0.68212890625,	-0.026611328125,	0.775146484375,	0.00651416555047,	-0.00198740675114,	-0.00951706804335
0.568706035614,	3,	-0.0459984727204,	0.720996558666,	0.901106059551,	-13.0264863968,	-33.7230033875,	48.1209983826,	-0.6982421875,	-0.020263671875,	0.7861328125,	0.00687648914754,	-0.0034973891452,	-0.00876845046878
0.580575942993,	3,	-0.0457800664008,	0.720748722553,	0.902302265167,	-13.110877037,	-33.7284011841,	48.012424469,	-0.66748046875,	-0.027099609375,	0.776611328125,	0.00619149953127,	-0.00185524299741,	-0.00855716317892
0.592844963074,	3,	-0.0455782152712,	0.720783174038,	0.903126239777,	-13.0368270874,	-33.7327194214,	48.1974411011,	-0.67724609375,	-0.0263671875,	0.76708984375,	0.0065615978092,	-0.000771957216784,	-0.00990883819759
0.604142904282,	3,	-0.0455055683851,	0.720754981041,	0.903801262379,	-12.9775867462,	-33.7361755371,	48.345451355,	-0.673583984375,	-0.03173828125,	0.768310546875,	0.0064034871757,	0.000285225221887,	-0.00863149017096
0.616286039352,	3,	-0.0455138683319,	0.720765888691,	0.904306769371,	-12.9301948547,	-33.8795661926,	48.4638595581,	-0.67333984375,	-0.03369140625,	0.762939453125,	0.0057298950851,	-0.00179880997166,	-0.00998137332499
0.628383874893,	3,	-0.0454912595451,	0.720640480518,	0.904952347279,	-12.8922805786,	-33.9942779541,	48.5585861206,	-0.67529296875,	-0.033203125,	0.77490234375,	0.00559182558209,	-0.00279404618777,	-0.00974085740745
0.640798091888,	3,	-0.0456321015954,	0.720623850822,	0.905218064785,	-12.7203874588,	-33.9454231262,	48.6343688965,	-0.677490234375,	-0.039794921875,	0.769287109375,	0.00545708276331,	-0.00220742914826,	-0.00794826634228
0.651943922043,	3,	-0.0456499755383,	0.720604300499,	0.905539631844,	-12.5828723907,	-33.906337738,	48.6949958801,	-0.6806640625,	-0.035888671875,	0.77392578125,	0.00688345823437,	-0.00163494748995,	-0.0082760322839
0.664684057236,	3,	-0.0455947704613,	0.720492839813,	0.905865490437,	-12.3312978745,	-33.5938186646,	48.7434959412,	-0.68115234375,	-0.033203125,	0.781982421875,	0.00567901134491,	-0.00159555114806,	-0.0075573194772
0.675880908966,	3,	-0.0456150323153,	0.720631957054,	0.905762195587,	-12.1300382614,	-33.3438034058,	48.7822952271,	-0.684814453125,	-0.035400390625,	0.76904296875,	0.00502287689596,	0.00103934877552,	-0.00685592368245
0.688534975052,	3,	-0.0455630496144,	0.720654428005,	0.905927062035,	-12.1105928421,	-33.5656661987,	48.6773986816,	-0.679443359375,	-0.032470703125,	0.77001953125,	0.00438255257905,	-0.00106285791844,	-0.00669072009623
0.700116872787,	3,	-0.0455503724515,	0.720736503601,	0.906071424484,	-12.0950365067,	-33.7431564331,	48.5934829712,	-0.683349609375,	-0.033447265625,	0.769287109375,	0.00323836691678,	-0.00155653734691,	-0.00652949884534
0.712270975113,	3,	-0.0454719029367,	0.7207711339,	0.90616518259,	-11.7994670868,	-33.4632759094,	48.526348114,	-0.67578125,	-0.031005859375,	0.764404296875,	0.00419891625643,	-0.0015190304257,	-0.00689145177603
0.72424697876,	3,	-0.0454806797206,	0.720737397671,	0.906067669392,	-11.5630111694,	-33.2393722534,	48.4726409912,	-0.67822265625,	-0.034912109375,	0.770263671875,	0.00461702886969,	-0.00252100848593,	-0.00620610080659
0.736096858978,	3,	-0.0453917086124,	0.720653057098,	0.906136214733,	-11.7985343933,	-33.2008743286,	48.70154953,	-0.677001953125,	-0.031494140625,	0.774169921875,	0.00502506643534,	-0.00246026134118,	-0.00657584704459
0.748287916183,	3,	-0.0453647784889,	0.720555186272,	0.906148850918,	-11.9869527817,	-33.1700744629,	48.884677887,	-0.674560546875,	-0.032958984375,	0.7734375,	0.0049039805308,	-0.00136239686981,	-0.00849455595016
0.760479927063,	3,	-0.0453401468694,	0.720483958721,	0.906206905842,	-11.7130002975,	-33.2860603333,	48.4874305725,	-0.679443359375,	-0.03369140625,	0.778076171875,	0.00530510116369,	-0.000290987081826,	-0.00777057744563
0.771982908249,	3,	-0.0453238300979,	0.720450162888,	0.906270682812,	-11.4938383102,	-33.3788490295,	48.169631958,	-0.6767578125,	-0.033935546875,	0.771728515625,	0.00517726782709,	-0.000803265720606,	-0.00706404447556
0.784074068069,	3,	-0.0453336536884,	0.720409631729,	0.906248867512,	-11.8847579956,	-33.3124542236,	48.7310180664,	-0.676025390625,	-0.03466796875,	0.7705078125,	0.00453322473913,	-0.00182249117643,	-0.00689382664859
0.795913934708,	3,	-0.0453946515918,	0.720406293869,	0.90610820055,	-12.1974945068,	-33.2593383789,	49.1801261902,	-0.68115234375,	-0.03662109375,	0.7744140625,	0.00390469934791,	-0.000739994458854,	-0.00672771036625
0.808574914932,	3,	-0.0454143024981,	0.720491886139,	0.90605455637,	-12.3061208725,	-33.3574714661,	48.9956626892,	-0.680908203125,	-0.035400390625,	0.767822265625,	0.00432990118861,	-0.000202872790396,	-0.00552701577544
0.820185899734,	3,	-0.045367076993,	0.720550119877,	0.906206786633,	-12.3930215836,	-33.4359779358,	48.8480949402,	-0.68115234375,	-0.031982421875,	0.769287109375,	0.00266769342124,	-0.00123656541109,	-0.00591312535107
0.832122087479,	3,	-0.0454182066023,	0.720614671707,	0.906265795231,	-12.320980072,	-33.4987831116,	48.7300376892,	-0.67919921875,	-0.035400390625,	0.765869140625,	0.00208412017673,	-0.00172605924308,	-0.00577064044774
0.84405207634,	3,	-0.0453617870808,	0.720525979996,	0.906582117081,	-12.2633466721,	-33.5490264893,	48.6355934143,	-0.6767578125,	-0.03271484375,	0.774658203125,	0.00411106459796,	-0.00220375787467,	-0.00563158839941
0.856463909149,	3,	-0.0453343056142,	0.720595657825,	0.906725168228,	-12.2172403336,	-33.5892219543,	48.6959762573,	-0.684326171875,	-0.03271484375,	0.7724609375,	0.00297342054546,	-0.000592783559114,	-0.0065344683826
0.867980003357,	3,	-0.0452350713313,	0.720526099205,	0.907070457935,	-12.180355072,	-33.6213760376,	48.7442817688,	-0.67724609375,	-0.03076171875,	0.775390625,	0.00290177203715,	-0.000578499399126,	-0.00481913983822
0.88001203537,	3,	-0.0452116169035,	0.720531404018,	0.907227575779,	-12.433971405,	-33.506477356,	48.9188652039,	-0.677978515625,	-0.033935546875,	0.771240234375,	0.00490901246667,	0.000474021304399,	-0.00574159622192
0.891767978668,	3,	-0.0451034493744,	0.720517754555,	0.907528877258,	-12.6368646622,	-33.4145584106,	49.0585289001,	-0.681396484375,	-0.031005859375,	0.77685546875,	0.00323285162449,	0.000462599098682,	-0.0035260822624
0.904242992401,	3,	-0.045084554702,	0.720521807671,	0.90775179863,	-12.5160541534,	-33.4816474915,	48.7624473572,	-0.677001953125,	-0.03369140625,	0.769775390625,	0.0036742426455,	-6.78384676576e-05,	-0.00499898940325
0.915843009949,	3,	-0.045012421906,	0.720535814762,	0.908066034317,	-12.4194059372,	-33.5353164673,	48.5255813599,	-0.679931640625,	-0.031494140625,	0.771484375,	0.00358570646495,	-0.00110478512943,	-0.00539782084525
0.927922964096,	3,	-0.0449833124876,	0.720454275608,	0.908450841904,	-12.4836502075,	-33.4376296997,	48.3360900879,	-0.676025390625,	-0.033935546875,	0.77392578125,	0.00401859264821,	-0.00159745430574,	-0.00422917306423
0.9400370121,	3,	-0.0449801944196,	0.720454692841,	0.908777356148,	-12.5350456238,	-33.3594779968,	48.1844978333,	-0.680908203125,	-0.034423828125,	0.774169921875,	0.00340246967971,	-0.000520380213857,	-0.00464655645192
0.952157974243,	3,	-0.0449750088155,	0.720380663872,	0.909274816513,	-12.7177238464,	-33.7188339233,	48.3350982666,	-0.676025390625,	-0.034423828125,	0.77392578125,	0.0038397712633,	-0.00102713145316,	-0.00505387969315
0.963577032089,	3,	-0.045002091676,	0.720379889011,	0.909773349762,	-12.863866806,	-34.0063171387,	48.4555778503,	-0.676025390625,	-0.034912109375,	0.768798828125,	0.00270866602659,	-0.00048309052363,	-0.00493209995329
0.976317882538,	3,	-0.0450058430433,	0.720375537872,	0.910214662552,	-12.6976556778,	-33.9550552368,	48.5519638062,	-0.68017578125,	-0.03466796875,	0.77392578125,	0.00212410558015,	-0.00047144992277,	-0.00325538218021
0.987740039825,	3,	-0.0450232662261,	0.720365285873,	0.910579025745,	-12.5646867752,	-33.9140434265,	48.629070282,	-0.67724609375,	-0.03466796875,	0.77197265625,	0.00155363138765,	0.000578491482884,	-0.00369622930884
1.0,	3,	-0.0449779815972,	0.720407664776,	0.910831868649,	-12.3167495728,	-33.7406082153,	48.5548210144,	-0.68115234375,	-0.03271484375,	0.771484375,	0.00255477614701,	-0.000474029220641,	-0.00360716320574
1.01152896881,	3,	-0.0449892580509,	0.720389723778,	0.910970747471,	-12.1183996201,	-33.6018600464,	48.4954185486,	-0.676513671875,	-0.034423828125,	0.769775390625,	0.00249321572483,	-0.00150118814781,	-0.00455882400274
1.02403402328,	3,	-0.044964004308,	0.720440745354,	0.910985589027,	-12.2428445816,	-33.3502388,	48.7197723389,	-0.68115234375,	-0.032958984375,	0.768798828125,	0.00191384740174,	-0.00250359624624,	-0.00392968393862
1.0353140831,	3,	-0.0449454784393,	0.720484256744,	0.91095495224,	-12.3424005508,	-33.14894104,	48.8992576599,	-0.679931640625,	-0.033447265625,	0.77001953125,	0.00134843960404,	-0.00036610616371,	-0.00279641151428
1.04808688164,	3,	-0.0448802746832,	0.720557332039,	0.911068618298,	-12.5636081696,	-33.269153595,	48.7709693909,	-0.68115234375,	-0.031005859375,	0.76904296875,	0.00235452875495,	-0.000357284210622,	-0.00532548129559
1.05960488319,	3,	-0.0448236614466,	0.720603704453,	0.911300301552,	-12.7405738831,	-33.365322113,	48.6683387756,	-0.680908203125,	-0.0322265625,	0.770263671875,	0.00281708408147,	-0.000867965631187,	-0.00363928452134
1.07177901268,	3,	-0.0448056831956,	0.720547437668,	0.911639213562,	-12.7405843735,	-33.5828819275,	48.7221717834,	-0.677001953125,	-0.033447265625,	0.774169921875,	0.00222991127521,	-0.000327760353684,	-0.00407087989151
1.08372998238,	3,	-0.044780831784,	0.720571696758,	0.911932528019,	-12.7405929565,	-33.7569313049,	48.7652359009,	-0.67919921875,	-0.033203125,	0.77001953125,	0.00269546918571,	-0.000839152839035,	-0.00397278554738
1.09595298767,	3,	-0.0448245294392,	0.720569133759,	0.912121117115,	-12.5990371704,	-33.6149215698,	48.6637535095,	-0.677734375,	-0.03564453125,	0.770751953125,	0.00211122725159,	-0.000299641862512,	-0.00387705489993
1.10765790939,	3,	-0.0448331348598,	0.720576107502,	0.912289440632,	-12.48579216,	-33.5013122559,	48.5825653076,	-0.67919921875,	-0.03466796875,	0.772705078125,	0.00309893488884,	0.000746159348637,	-0.00430292263627
1.12006902695,	3,	-0.0448405221105,	0.720542788506,	0.91238629818,	-12.5367584229,	-33.2697982788,	48.7894897461,	-0.677734375,	-0.03466796875,	0.773681640625,	0.00250497274101,	0.000208889134228,	-0.00367994606495
1.13173890114,	3,	-0.044866733253,	0.72048163414,	0.912396371365,	-12.5775318146,	-33.0845870972,	48.9550285339,	-0.67724609375,	-0.03564453125,	0.7744140625,	0.00192532129586,	-0.000834725331515,	-0.00255269184709
1.14367794991,	3,	-0.0448435172439,	0.720506072044,	0.912500202656,	-12.7517127991,	-32.9364204407,	48.679649353,	-0.67626953125,	-0.032958984375,	0.767822265625,	0.000840345397592,	0.000223969575018,	-0.00249118171632
1.15563893318,	3,	-0.0447719395161,	0.720508992672,	0.912730515003,	-12.8910579681,	-32.8178863525,	48.4593429565,	-0.677978515625,	-0.03125,	0.7705078125,	0.00133938714862,	-0.000820008572191,	-0.00295044481754
1.16772890091,	3,	-0.0447532385588,	0.720535218716,	0.912892758846,	-12.8609714508,	-33.0043106079,	48.5549736023,	-0.679443359375,	-0.03369140625,	0.770751953125,	0.00182640366256,	-0.000280958600342,	-0.0023600589484
1.17929697037,	3,	-0.044675398618,	0.720556795597,	0.913137793541,	-12.8369026184,	-33.1534500122,	48.631477356,	-0.681396484375,	-0.031494140625,	0.77294921875,	0.00178239308298,	-0.000793478917331,	-0.00230319052935
1.1917309761,	3,	-0.0445938967168,	0.720604419708,	0.913533329964,	-12.9592094421,	-33.4133834839,	48.4208068848,	-0.6806640625,	-0.03125,	0.771484375,	0.00277802348137,	0.00078351283446,	-0.00328627228737
1.20324087143,	3,	-0.0445423349738,	0.720688819885,	0.91399282217,	-13.0570554733,	-33.6213302612,	48.2522697449,	-0.680908203125,	-0.031494140625,	0.767822265625,	0.00167250260711,	-0.000273948069662,	-0.00372637622058
1.21576499939,	3,	-0.0444750338793,	0.720757961273,	0.914539635181,	-12.8522071838,	-33.928314209,	48.11743927,	-0.679443359375,	-0.03125,	0.766845703125,	0.00163220055401,	-0.000786637421697,	-0.00259800441563
1.22729706764,	3,	-0.0444081686437,	0.720806658268,	0.915145993233,	-12.688328743,	-34.1739006042,	48.0095748901,	-0.6796875,	-0.0322265625,	0.76953125,	0.00263145007193,	0.000270898919553,	-0.00149681977928
1.23947405815,	3,	-0.0443698093295,	0.720806717873,	0.915574431419,	-12.4156627655,	-34.0891189575,	48.1951599121,	-0.6796875,	-0.033203125,	0.771728515625,	0.00256804190576,	-0.00129350041971,	-0.00198004208505
1.25107693672,	3,	-0.0443171709776,	0.720814108849,	0.915892422199,	-12.1975307465,	-34.0212936401,	48.3436279297,	-0.68017578125,	-0.031982421875,	0.772705078125,	0.00198687240481,	-0.000223750714213,	-0.0029709096998
1.26361894608,	3,	-0.0443416684866,	0.720833301544,	0.916204333305,	-12.5892744064,	-33.9670333862,	48.4624023438,	-0.679443359375,	-0.03466796875,	0.772705078125,	0.00141970440745,	0.00185880297795,	-0.00289932079613
1.27498292923,	3,	-0.0443154536188,	0.720821082592,	0.916620731354,	-12.9026699066,	-33.923625946,	48.5574226379,	-0.679931640625,	-0.033203125,	0.7724609375,	0.00138549506664,	-0.0018210215494,	-0.00179087743163
1.28774499893,	3,	-0.0443580001593,	0.720759451389,	0.916992485523,	-12.7286987305,	-34.0295257568,	48.4975013733,	-0.676025390625,	-0.03564453125,	0.772216796875,	0.00135210901499,	-0.00125785078853,	-0.00226701423526
1.2994658947,	3,	-0.0444150455296,	0.72070401907,	0.917344272137,	-12.5895214081,	-34.1142463684,	48.4495658875,	-0.6787109375,	-0.035888671875,	0.77490234375,	0.000280946493149,	-0.001227541361,	-0.00221238657832
1.31155896187,	3,	-0.0444158762693,	0.720653235912,	0.917661905289,	-12.6197423935,	-34.0413970947,	48.68309021,	-0.677734375,	-0.033935546875,	0.773193359375,	0.000793468207121,	-0.00171725265682,	-0.00215907581151
1.3232550621,	3,	-0.0444087348878,	0.720589280128,	0.917955815792,	-12.6439189911,	-33.9831161499,	48.8699111938,	-0.67822265625,	-0.0341796875,	0.7763671875,	0.000774348154664,	-0.000118001364172,	-0.00106846727431
1.33687090874,	3,	-0.0442954860628,	0.720587730408,	0.918353676796,	-12.521697998,	-34.2177429199,	48.7474937439,	-0.679931640625,	-0.0302734375,	0.774658203125,	0.00283285230398,	0.000923423096538,	-0.00260059162974
1.34730696678,	3,	-0.0442900657654,	0.72058403492,	0.918702244759,	-12.4239206314,	-34.4054450989,	48.649559021,	-0.67822265625,	-0.033935546875,	0.772216796875,	0.000687427818775,	0.00038188137114,	-0.000980054959655
1.3594429493,	3,	-0.0442398153245,	0.720613896847,	0.919102489948,	-12.4872617722,	-34.414981842,	48.5712089539,	-0.678955078125,	-0.03173828125,	0.77099609375,	0.00119015388191,	0.000891970004886,	-0.00251431018114
1.37125897408,	3,	-0.044129807502,	0.720594584942,	0.91962325573,	-12.5379343033,	-34.4226112366,	48.5085296631,	-0.677001953125,	-0.03076171875,	0.771240234375,	0.00220005586743,	-0.000687394756824,	-0.000376561656594
1.38324999809,	3,	-0.0440857410431,	0.720585405827,	0.920103132725,	-12.720035553,	-34.2880897522,	48.3224487305,	-0.67626953125,	-0.032470703125,	0.7685546875,	0.00214704312384,	-0.00170941231772,	-0.00192536041141
1.39515995979,	3,	-0.0440541915596,	0.720596909523,	0.920635938644,	-12.8657159805,	-34.1804733276,	48.1735839844,	-0.671630859375,	-0.031494140625,	0.7626953125,	1.81440263987e-05,	-0.000629640650004,	-0.00239825621247
1.40726900101,	3,	-0.0438452996314,	0.720662117004,	0.921325683594,	-12.8406982422,	-34.094379425,	48.0544929504,	-0.70166015625,	-0.026123046875,	0.7939453125,	0.000536998733878,	0.000424112658948,	-0.00182117708027
1.4193508625,	3,	-0.0438408218324,	0.720539808273,	0.921904861927,	-12.8206834793,	-34.0255050659,	47.9592208862,	-0.67236328125,	-0.03369140625,	0.773681640625,	0.00208193063736,	-0.000624687876552,	-0.00281587429345
1.43166089058,	3,	-0.0439369976521,	0.720443665981,	0.922185182571,	-12.9462347031,	-33.4079055786,	48.0189399719,	-0.67138671875,	-0.037353515625,	0.7705078125,	0.00151247531176,	-0.00060963537544,	-0.00222873128951
1.44308400154,	3,	-0.0439497232437,	0.72042375803,	0.922388255596,	-13.0466756821,	-32.9138259888,	48.0667152405,	-0.676025390625,	-0.033935546875,	0.771240234375,	0.000437447801232,	0.000443635974079,	-0.00165573693812
1.45554208755,	3,	-0.0439341701567,	0.720566928387,	0.922465324402,	-12.8439035416,	-33.0810623169,	48.1049346924,	-0.68896484375,	-0.03271484375,	0.774658203125,	-9.23834741116e-05,	0.00199081748724,	-0.00161583907902
1.46709299088,	3,	-0.0439597181976,	0.72053360939,	0.922597408295,	-12.6816854477,	-33.2148513794,	48.135509491,	-0.66552734375,	-0.034423828125,	0.760009765625,	0.00146771594882,	0.000384974293411,	-0.00157690234482
1.47926902771,	3,	-0.0438177697361,	0.720575153828,	0.922836840153,	-12.6934738159,	-33.1812553406,	48.1599693298,	-0.681640625,	-0.027587890625,	0.771484375,	0.000393766909838,	-0.00118217384443,	-0.00257748551667
1.49090194702,	3,	-0.0438372977078,	0.720487296581,	0.923007488251,	-12.7029037476,	-33.1543807983,	48.1795387268,	-0.6767578125,	-0.03466796875,	0.777099609375,	0.000903569161892,	0.000404183752835,	-0.00147679634392
1.50305390358,	3,	-0.0438861325383,	0.720563828945,	0.922862231731,	-12.5688858032,	-33.1328811646,	48.4670677185,	-0.676025390625,	-0.034912109375,	0.7626953125,	-0.000156786292791,	-0.000644136685878,	-0.000921919941902
1.51490402222,	3,	-0.0438304170966,	0.720340669155,	0.922996819019,	-12.4616708755,	-33.1156806946,	48.6970939636,	-0.67236328125,	-0.031982421875,	0.780517578125,	0.000366283580661,	-0.00218648696318,	-0.000899704173207
1.52761793137,	3,	-0.043882496655,	0.720355153084,	0.922835886478,	-12.5174617767,	-33.1019210815,	48.6092376709,	-0.67724609375,	-0.0361328125,	0.77099609375,	0.00191532820463,	0.00150123331696,	-0.00139731541276
1.53882098198,	3,	-0.0437800623477,	0.720385432243,	0.922884583473,	-12.5620946884,	-33.0909118652,	48.5389518738,	-0.6826171875,	-0.02978515625,	0.774658203125,	0.000311303883791,	-9.28128138185e-05,	-0.000844353809953
1.55102992058,	3,	-0.0437893904746,	0.720454514027,	0.922800421715,	-12.7393636703,	-33.0821037292,	48.6186599731,	-0.68017578125,	-0.033447265625,	0.76953125,	0.000303803011775,	0.000948004890233,	-0.00186258740723
1.56269288063,	3,	-0.0437319204211,	0.720499157906,	0.922833561897,	-12.8811788559,	-33.0750579834,	48.6824264526,	-0.67724609375,	-0.03125,	0.7685546875,	0.00133506394923,	0.00144445197657,	-0.00181770510972
1.57520103455,	3,	-0.043758533895,	0.720475792885,	0.922880887985,	-12.8530683517,	-33.0694198608,	48.461566925,	-0.677001953125,	-0.03515625,	0.77294921875,	0.00130289420485,	0.000890355557203,	-0.000735323876143
1.58722400665,	3,	-0.0437776744366,	0.720488369465,	0.922942996025,	-12.8305797577,	-33.0649108887,	48.2848777771,	-0.6796875,	-0.03466796875,	0.773193359375,	0.00127149932086,	0.000868901144713,	-0.00123689696193
1.59936189651,	3,	-0.0437883809209,	0.720460176468,	0.92300671339,	-12.9541511536,	-32.9206771851,	48.4154014587,	-0.67431640625,	-0.034423828125,	0.769775390625,	0.0012408606708,	0.000328673049808,	-0.000687800347805
1.61091589928,	3,	-0.0438043810427,	0.720469594002,	0.922985434532,	-13.0530090332,	-32.8052902222,	48.519821167,	-0.68017578125,	-0.03369140625,	0.77294921875,	0.00069166906178,	-0.000198537483811,	-0.00274838879704
1.623087883,	3,	-0.0438488796353,	0.720513939857,	0.922825455666,	-12.7074069977,	-32.8536071777,	48.4674186707,	-0.681396484375,	-0.034912109375,	0.770263671875,	-0.000363579019904,	-0.00175162497908,	-0.00112429074943
1.63491201401,	3,	-0.0437875650823,	0.720505058765,	0.922789990902,	-12.4309253693,	-32.8922615051,	48.4254989624,	-0.677001953125,	-0.03125,	0.7705078125,	0.000164473429322,	-0.000670835841447,	-0.000577908009291
1.64698386192,	3,	-0.0437717735767,	0.72045058012,	0.922779262066,	-12.4928655624,	-32.9231834412,	48.256023407,	-0.67822265625,	-0.03369140625,	0.77392578125,	0.00171838141978,	-0.00221254257485,	-0.0010832734406
1.6590180397,	3,	-0.0437417887151,	0.720429599285,	0.922869324684,	-12.5424175262,	-32.9479217529,	48.1204452515,	-0.677978515625,	-0.032958984375,	0.773193359375,	0.000119103118777,	-8.206628263e-05,	0.0005007032305
1.67112398148,	3,	-0.0437279194593,	0.720476746559,	0.922939419746,	-13.0067462921,	-32.8270874023,	48.2838554382,	-0.679443359375,	-0.033447265625,	0.7705078125,	0.000635523349047,	0.000958492513746,	-3.06535512209e-05
1.6827249527,	3,	-0.0436212979257,	0.720475614071,	0.923179447651,	-13.3782100677,	-32.7304191589,	48.4145851135,	-0.676025390625,	-0.02978515625,	0.767578125,	0.00062020868063,	-0.00218034721911,	-2.99140810966e-05
1.69476509094,	3,	-0.043575335294,	0.720560729504,	0.923175036907,	-13.1091308594,	-32.9343338013,	48.6551055908,	-0.68896484375,	-0.032470703125,	0.77734375,	0.00164384394884,	-5.06467185915e-05,	-0.00106777437031
1.70691490173,	3,	-0.0435603968799,	0.720480620861,	0.923235058784,	-12.8938674927,	-33.0974655151,	48.8475227356,	-0.67431640625,	-0.033203125,	0.7734375,	0.000565653666854,	-4.94262203574e-05,	-0.000522753223777
1.71909093857,	3,	-0.0435566231608,	0.720598757267,	0.923097908497,	-12.7216567993,	-33.368598938,	48.8655166626,	-0.686767578125,	-0.03466796875,	0.771240234375,	0.00159060396254,	-0.00108681619167,	0.0010477155447
1.73076295853,	3,	-0.0436351075768,	0.72052937746,	0.923081636429,	-12.5838880539,	-33.5855026245,	48.8799133301,	-0.671630859375,	-0.036376953125,	0.769775390625,	0.000513695180416,	0.000497243832797,	-0.00105469487607
1.74281096458,	3,	-0.0436866134405,	0.720588803291,	0.922936737537,	-12.4736728668,	-33.4777755737,	48.7554931641,	-0.6845703125,	-0.034912109375,	0.772705078125,	-0.000537265092134,	-0.00159190036356,	-0.00154856964946
1.75434303284,	3,	-0.0437071174383,	0.720525145531,	0.922916889191,	-12.3855009079,	-33.3915939331,	48.6559562683,	-0.675048828125,	-0.03466796875,	0.77294921875,	0.00103355385363,	4.33018431067e-06,	-0.000991964712739
1.76721596718,	3,	-0.0437525734305,	0.720563530922,	0.922834813595,	-12.4565258026,	-33.6039009094,	48.7122650146,	-0.681396484375,	-0.035400390625,	0.771728515625,	0.00100864842534,	-0.000515064690262,	-0.00148735195398
1.77885890007,	3,	-0.0437635071576,	0.720597922802,	0.922855198383,	-12.5133457184,	-33.7737464905,	48.7573127747,	-0.678955078125,	-0.033935546875,	0.768798828125,	0.000465052202344,	-0.00102194398642,	-0.000932222232223
1.79116201401,	3,	-0.0437827892601,	0.720595538616,	0.922896325588,	-12.558801651,	-33.7689971924,	48.7933502197,	-0.677978515625,	-0.033935546875,	0.7705078125,	0.000453846529126,	-0.00099731888622,	-0.00194833986461
1.80268907547,	3,	-0.0437800996006,	0.720658779144,	0.922943949699,	-12.5951662064,	-33.7651977539,	48.8221817017,	-0.680908203125,	-0.032958984375,	0.769775390625,	-0.00111496262252,	6.52940943837e-05,	-0.000343520194292
1.81463289261,	3,	-0.0437134988606,	0.720657169819,	0.922978281975,	-12.1995706558,	-33.6215324402,	48.7093086243,	-0.677734375,	-0.031005859375,	0.771728515625,	0.000469777733088,	0.000583011191338,	-0.000854533165693
1.82654500008,	3,	-0.0436815395951,	0.720733761787,	0.922800779343,	-11.8830938339,	-33.5065994263,	48.6190109253,	-0.683837890625,	-0.031982421875,	0.7724609375,	-6.08339905739e-05,	0.000568962655962,	-0.00135323032737
1.83862996101,	3,	-0.0436358042061,	0.72074007988,	0.92279535532,	-12.054599762,	-33.4146537781,	48.4108352661,	-0.67822265625,	-0.03125,	0.77099609375,	-0.000578658655286,	3.59620898962e-05,	-0.000801332294941
1.8501970768,	3,	-0.0436302833259,	0.720805287361,	0.922735333443,	-12.1918048859,	-33.3410987854,	48.2442932129,	-0.68017578125,	-0.033447265625,	0.76806640625,	0.00047386623919,	-0.000484195072204,	-0.000262731686234
1.86292290688,	3,	-0.0435942411423,	0.72084492445,	0.922761380672,	-12.1600065231,	-33.4228782654,	48.2469978333,	-0.67919921875,	-0.032470703125,	0.769775390625,	0.000462448224425,	0.000566053204238,	0.000262890011072
1.87427091599,	3,	-0.0436770357192,	0.720830440521,	0.922693192959,	-12.1345682144,	-33.4883041382,	48.2491607666,	-0.677978515625,	-0.0361328125,	0.7705078125,	-0.000587277114391,	-0.00152474874631,	-0.00130131654441
1.88673686981,	3,	-0.0437070988119,	0.720876157284,	0.922671675682,	-12.1142168045,	-33.6812667847,	48.2508926392,	-0.678466796875,	-0.034423828125,	0.766845703125,	0.000465456396341,	-0.000968717038631,	-0.00126995891333
1.89822602272,	3,	-0.0437070913613,	0.720831513405,	0.922800838947,	-12.0979356766,	-33.8356399536,	48.2522773743,	-0.677490234375,	-0.0341796875,	0.7724609375,	0.000973531976342,	-0.00146466493607,	-0.000200776383281
1.91105890274,	3,	-0.0437625832856,	0.720798015594,	0.922892451286,	-12.2264738083,	-33.8185119629,	48.2533836365,	-0.678466796875,	-0.035888671875,	0.772705078125,	0.000430783256888,	-0.00142937200144,	-0.000715229660273
1.92247891426,	3,	-0.0437505021691,	0.720792472363,	0.923076570034,	-12.3293037415,	-33.8048095703,	48.2542686462,	-0.678955078125,	-0.033935546875,	0.772705078125,	0.000939693301916,	0.00016294233501,	0.000340586528182
1.93489599228,	3,	-0.0437374077737,	0.720773041248,	0.923356413841,	-12.6946926117,	-33.9344711304,	48.5268516541,	-0.677978515625,	-0.033447265625,	0.773193359375,	0.000397758558393,	0.000678306445479,	-0.00018691085279
1.94635295868,	3,	-0.0437484644353,	0.720784902573,	0.92363858223,	-12.9870042801,	-34.0382003784,	48.7449188232,	-0.68310546875,	-0.034423828125,	0.775634765625,	-0.000650407746434,	-0.000376619398594,	0.00085617415607
1.95842289925,	3,	-0.04389256984,	0.720770895481,	0.923719286919,	-13.0792913437,	-33.8399353027,	48.7834358215,	-0.672119140625,	-0.0390625,	0.763916015625,	-0.000115444883704,	-0.00140612525865,	0.000316252931952
1.97059893608,	3,	-0.0440589562058,	0.720657527447,	0.923846781254,	-13.1531209946,	-33.6813240051,	48.8142471313,	-0.66015625,	-0.03955078125,	0.75927734375,	-0.000112663954496,	0.000185628887266,	-0.000210657715797
1.9826669693,	3,	-0.0441760718822,	0.720784127712,	0.923920810223,	-13.3537464142,	-33.69506073,	48.567024231,	-0.680908203125,	-0.0380859375,	0.76416015625,	0.000409342348576,	-0.000338134821504,	-0.00072487257421
1.99406695366,	3,	-0.0441843084991,	0.720842838287,	0.924316644669,	-13.5142469406,	-33.7060470581,	48.3692436218,	-0.68359375,	-0.033935546875,	0.77392578125,	-0.000119812786579,	0.00122788455337,	-0.00122669525445
2.00641703606,	3,	-0.0441398322582,	0.720936954021,	0.924657225609,	-13.3595228195,	-33.7148361206,	48.3469581604,	-0.688232421875,	-0.032470703125,	0.775390625,	0.00144094601274,	0.00015971576795,	-0.00171642750502
2.01815390587,	3,	-0.0440602116287,	0.720977962017,	0.925053358078,	-13.2357435226,	-33.7218704224,	48.3291282654,	-0.688720703125,	-0.031494140625,	0.780029296875,	0.00140622444451,	0.00015586707741,	-0.00115577690303
2.03048992157,	3,	-0.0439065210521,	0.720991373062,	0.925498723984,	-13.2782821655,	-33.8681221008,	48.7226791382,	-0.686279296875,	-0.0283203125,	0.779541015625,	0.00137233920395,	0.000152111053467,	-0.00164721719921
2.04196405411,	3,	-0.0438084378839,	0.720957577229,	0.92587774992,	-13.3123130798,	-33.9851226807,	49.0375175476,	-0.681396484375,	-0.030029296875,	0.776611328125,	0.000300690531731,	-0.000890135299414,	-0.00108823366463
2.05449700356,	3,	-0.0437010340393,	0.720930099487,	0.926266849041,	-13.1979751587,	-34.0787239075,	49.0175132751,	-0.677734375,	-0.029296875,	0.77392578125,	0.000812735408545,	0.00120847579092,	-0.00210059247911
2.06630802155,	3,	-0.0436612591147,	0.720915019512,	0.926559865475,	-13.106505394,	-34.1536026001,	49.0015106201,	-0.679931640625,	-0.03271484375,	0.77490234375,	0.000793151557446,	0.000660065561533,	2.71871685982e-05
2.07864904404,	3,	-0.0436678975821,	0.720952510834,	0.926744818687,	-13.03332901,	-33.932258606,	48.716835022,	-0.6796875,	-0.0341796875,	0.76953125,	-0.00026454217732,	-0.000394420698285,	0.00106511451304
2.09010195732,	3,	-0.0437233373523,	0.721027851105,	0.926825106144,	-12.9747886658,	-33.7551803589,	48.4890937805,	-0.681396484375,	-0.03564453125,	0.769287109375,	0.000261124223471,	0.000653664581478,	-0.00051842443645
2.10256695747,	3,	-0.0438449382782,	0.721074163914,	0.926711440086,	-12.9279556274,	-33.4728927612,	48.5787734985,	-0.671630859375,	-0.037841796875,	0.759765625,	0.000774122774601,	0.00011862302199,	-0.00102522224188
2.11403298378,	3,	-0.0438743457198,	0.721140384674,	0.926622211933,	-12.8904895782,	-33.2470626831,	48.6505203247,	-0.684326171875,	-0.034912109375,	0.773193359375,	-0.000802403315902,	0.000635055359453,	0.000557353720069
2.12646508217,	3,	-0.0437960699201,	0.721142709255,	0.926737844944,	-12.7189540863,	-33.2070236206,	48.3001022339,	-0.6865234375,	-0.03125,	0.77978515625,	-0.000263776630163,	-0.000418828334659,	0.000543924048543
2.13800787926,	3,	-0.0437040142715,	0.721155405045,	0.926874577999,	-12.5817260742,	-33.1749954224,	48.0197677612,	-0.685791015625,	-0.030517578125,	0.779541015625,	0.00130045041442,	0.00114913564175,	-0.00154634565115
2.15033388138,	3,	-0.0436017476022,	0.721129834652,	0.927170753479,	-12.6135063171,	-33.5712471008,	48.0673789978,	-0.686279296875,	-0.030517578125,	0.78125,	0.000230534002185,	-0.000955716706812,	0.000568078830838
2.16202688217,	3,	-0.0435288138688,	0.7211586833,	0.927480697632,	-12.6389303207,	-33.8882484436,	48.1054649353,	-0.68359375,	-0.031494140625,	0.77490234375,	0.00022497959435,	0.00010589370504,	0.00107368081808
2.17457890511,	3,	-0.043500225991,	0.721155822277,	0.92764133215,	-12.517706871,	-33.5793495178,	47.9999961853,	-0.680908203125,	-0.03271484375,	0.773193359375,	0.00073884986341,	-0.000935239251703,	-0.00051006488502
2.18586492538,	3,	-0.043488163501,	0.721117556095,	0.927748203278,	-12.4207277298,	-33.3322296143,	47.9156227112,	-0.67529296875,	-0.032958984375,	0.77001953125,	0.000201756134629,	-0.000393413007259,	-0.00049777328968
2.19851088524,	3,	-0.0434623211622,	0.721161484718,	0.927722036839,	-12.4847068787,	-33.2751579285,	48.1199989319,	-0.677490234375,	-0.032958984375,	0.7666015625,	0.00175476633012,	0.000135357491672,	-0.000485777854919
2.21014308929,	3,	-0.0434541329741,	0.721148967743,	0.927704453468,	-12.5358905792,	-33.2294998169,	48.2835006714,	-0.676513671875,	-0.03271484375,	0.76953125,	0.000154610723257,	-0.000387194566429,	-0.000993361696601
2.22200989723,	3,	-0.0434035770595,	0.721137702465,	0.92769575119,	-12.4352750778,	-33.1929740906,	48.2783622742,	-0.677490234375,	-0.031005859375,	0.77099609375,	0.000150885432959,	0.000141425989568,	-0.00148871541023
2.23377990723,	3,	-0.0434730611742,	0.721090376377,	0.927552998066,	-12.3547830582,	-33.1637535095,	48.2742538452,	-0.680908203125,	-0.0361328125,	0.777099609375,	-0.000372041016817,	-0.000381272286177,	-0.000414261594415
2.24625396729,	3,	-0.0434546284378,	0.721045553684,	0.927542746067,	-12.4319515228,	-33.2810020447,	48.4069023132,	-0.675048828125,	-0.032470703125,	0.77099609375,	-0.000363076105714,	0.000147205777466,	-0.00040427967906
2.25776195526,	3,	-0.0434305556118,	0.721253335476,	0.927320480347,	-12.493686676,	-33.3748016357,	48.5130233765,	-0.697265625,	-0.03271484375,	0.775390625,	-0.000873617827892,	-0.000894922297448,	0.000644043087959
2.27098488808,	3,	-0.0436845757067,	0.721077561378,	0.927094340324,	-12.401512146,	-33.4498405457,	48.5979194641,	-0.64697265625,	-0.04248046875,	0.748046875,	0.000190608203411,	0.000169302802533,	0.00117615610361
2.2819070816,	3,	-0.0438041575253,	0.721317470074,	0.926613986492,	-12.3277721405,	-33.5098724365,	48.6658363342,	-0.693603515625,	-0.038330078125,	0.76953125,	0.000190608203411,	0.000169302802533,	-0.000420182943344
2.29446005821,	3,	-0.0437586903572,	0.721173584461,	0.926705121994,	-12.4103431702,	-33.5578994751,	48.7201690674,	-0.672119140625,	-0.0322265625,	0.77587890625,	0.00122459605336,	0.00120380427688,	-0.0014486387372
2.30572795868,	3,	-0.043713927269,	0.721293330193,	0.926571249962,	-12.4763994217,	-33.596321106,	48.763633728,	-0.69287109375,	-0.032958984375,	0.778564453125,	0.00119508802891,	0.000655506271869,	0.000144138932228
2.31828999519,	3,	-0.0437348373234,	0.721228837967,	0.926603972912,	-12.6708068848,	-33.6270561218,	48.7984085083,	-0.666259765625,	-0.033447265625,	0.762939453125,	0.000127710402012,	0.00115900160745,	-0.00193649716675
2.32956290245,	3,	-0.0435783751309,	0.721202850342,	0.926850616932,	-12.826333046,	-33.6516456604,	48.8262252808,	-0.677490234375,	-0.028076171875,	0.771728515625,	0.000124633312225,	-0.00042679766193,	0.000706618651748
2.3419470787,	3,	-0.0434964969754,	0.721188127995,	0.927114844322,	-13.0923166275,	-33.8119430542,	48.8484802246,	-0.68115234375,	-0.03125,	0.77587890625,	0.00116020999849,	0.000622067600489,	0.000170299783349
2.35390496254,	3,	-0.0435321591794,	0.72119820118,	0.927322804928,	-13.305103302,	-33.9401779175,	48.8662834167,	-0.67333984375,	-0.03515625,	0.764404296875,	9.36724245548e-05,	8.77873972058e-05,	0.00120477750897
2.36628508568,	3,	-0.0435389205813,	0.721120655537,	0.927503824234,	-13.0506448746,	-33.620891571,	48.7445907593,	-0.674560546875,	-0.033935546875,	0.771240234375,	-0.000947166234255,	-0.00147219980136,	0.00117574632168
2.37780094147,	3,	-0.04362975806,	0.721019327641,	0.92750865221,	-12.8470783234,	-33.3654632568,	48.6472358704,	-0.6728515625,	-0.03662109375,	0.7734375,	-0.000405052676797,	0.00115972757339,	-0.000929746776819
2.38986206055,	3,	-0.0437063761055,	0.721142530441,	0.927304327488,	-12.8257875443,	-33.4423713684,	48.7052879333,	-0.6845703125,	-0.036865234375,	0.7685546875,	0.000123998150229,	9.32011753321e-05,	0.000650528818369
2.40177989006,	3,	-0.0437570884824,	0.721098959446,	0.927254080772,	-12.808754921,	-33.5038986206,	48.7517318726,	-0.677978515625,	-0.036865234375,	0.77294921875,	0.00167888216674,	-0.000947625841945,	0.000634852796793
2.41383099556,	3,	-0.0437018238008,	0.721160531044,	0.927238106728,	-12.7951288223,	-33.5531196594,	48.7888870239,	-0.678955078125,	-0.031982421875,	0.76611328125,	0.0011191368103,	-0.000924791675061,	0.000100264325738
2.42577600479,	3,	-0.0436972230673,	0.72114610672,	0.927282035351,	-12.7842283249,	-33.5924949646,	48.818611145,	-0.679443359375,	-0.033447265625,	0.77392578125,	-0.000984992831945,	0.000655364245176,	0.000617139041424
2.43846297264,	3,	-0.0436830408871,	0.7210303545,	0.927273273468,	-12.4923830032,	-33.6239967346,	48.9783287048,	-0.67529296875,	-0.033447265625,	0.775634765625,	7.732398808e-05,	-0.000918299425393,	8.29771161079e-05
2.44936704636,	3,	-0.0437139384449,	0.720975637436,	0.927064061165,	-12.2589063644,	-33.6491966248,	49.1061019897,	-0.6787109375,	-0.03515625,	0.775390625,	7.54613429308e-05,	-0.000376881100237,	8.09784978628e-05
2.46231603622,	3,	-0.0437236502767,	0.72099262476,	0.926951408386,	-12.4968128204,	-33.6693572998,	48.9364433289,	-0.677978515625,	-0.033447265625,	0.76953125,	-0.000445647165179,	0.000151490792632,	-0.000959552824497
2.47363495827,	3,	-0.0437461957335,	0.721113085747,	0.926831066608,	-12.6871376038,	-33.6854858398,	48.8007164001,	-0.685546875,	-0.03466796875,	0.7705078125,	8.43815505505e-05,	0.000667131040245,	0.000102149322629
2.48606300354,	3,	-0.0437546260655,	0.721119523048,	0.926686167717,	-12.5562725067,	-33.417137146,	48.8280715942,	-0.678955078125,	-0.0341796875,	0.770751953125,	0.000601639971137,	-0.000387525651604,	-0.000419603660703
2.49776506424,	3,	-0.0436901301146,	0.721114635468,	0.926531374454,	-12.4515810013,	-33.2024612427,	48.8499565125,	-0.68212890625,	-0.03173828125,	0.7744140625,	0.000587143003941,	-0.0014167688787,	0.000109799206257
2.50980186462,	3,	-0.0436020977795,	0.721075892448,	0.926511228085,	-12.3678274155,	-33.1713447571,	48.459651947,	-0.678466796875,	-0.030517578125,	0.7734375,	0.00109228491783,	-0.000863339286298,	-0.000931426882744
2.52207803726,	3,	-0.0435412377119,	0.721022486687,	0.926556229591,	-12.3008241653,	-33.1464500427,	48.1474075317,	-0.6767578125,	-0.031005859375,	0.773193359375,	2.7384608984e-05,	-0.000323245301843,	-0.000908982008696
2.53362607956,	3,	-0.0434815771878,	0.72103369236,	0.926638007164,	-12.3887844086,	-33.2671585083,	48.0335502625,	-0.680908203125,	-0.03125,	0.77294921875,	2.67252326012e-05,	-0.00031545618549,	-0.000367790460587
2.54559993744,	3,	-0.0434856787324,	0.72102367878,	0.926755964756,	-12.4591522217,	-33.3637275696,	47.9424667358,	-0.6787109375,	-0.033203125,	0.77294921875,	-0.000493209809065,	0.000730726402253,	-0.000878216698766
2.55781602859,	3,	-0.0435077734292,	0.721137046814,	0.926620483398,	-12.373884201,	-33.4409828186,	48.2774124146,	-0.681396484375,	-0.033447265625,	0.765869140625,	3.79662960768e-05,	0.000193827785552,	-0.00189563632011
2.56932401657,	3,	-0.0435215719044,	0.721150934696,	0.926492571831,	-12.3056697845,	-33.502784729,	48.5453681946,	-0.681396484375,	-0.033447265625,	0.77197265625,	3.70517373085e-05,	-0.00136871449649,	-0.00184995867312
2.58218693733,	3,	-0.0435762032866,	0.721151351929,	0.926485538483,	-12.5342235565,	-33.5522270203,	48.2159805298,	-0.677978515625,	-0.03564453125,	0.76904296875,	0.00159402936697,	-0.00133573357016,	-0.00180538184941
2.59311294556,	3,	-0.0436317697167,	0.721077919006,	0.926707863808,	-12.7170667648,	-33.5917816162,	47.9524726868,	-0.67529296875,	-0.035888671875,	0.773193359375,	0.00155561976135,	0.000254324637353,	-0.0017618779093
2.60546302795,	3,	-0.0437185317278,	0.72102689743,	0.926898121834,	-12.7217788696,	-33.76404953,	48.0135421753,	-0.6767578125,	-0.036865234375,	0.772216796875,	0.000998843461275,	-0.000790384598076,	-0.00171942263842
2.61710190773,	3,	-0.043732650578,	0.720980763435,	0.927207112312,	-12.7255477905,	-33.9018630981,	48.0623970032,	-0.67578125,	-0.03466796875,	0.77099609375,	0.000455485656857,	-0.000771339051425,	0.000399172306061
2.62952709198,	3,	-0.0436959192157,	0.720960259438,	0.92754149437,	-12.7285633087,	-33.8714904785,	48.1014823914,	-0.679931640625,	-0.031982421875,	0.77490234375,	-7.47814774513e-05,	0.000285828486085,	-0.00116831809282
2.6411690712,	3,	-0.0436432845891,	0.720930933952,	0.927895784378,	-12.7309761047,	-33.8471908569,	48.1327476501,	-0.6796875,	-0.0322265625,	0.77587890625,	-7.2980299592e-05,	0.000798231456429,	0.00093699619174
2.65377187729,	3,	-0.0435083471239,	0.720910131931,	0.928174555302,	-12.7329063416,	-33.5465011597,	48.2936973572,	-0.677490234375,	-0.028564453125,	0.77001953125,	-0.000590512529016,	-0.00233674654737,	0.000914417207241
2.66548299789,	3,	-0.0435371734202,	0.720906972885,	0.928172826767,	-12.7344503403,	-33.3059501648,	48.4224586487,	-0.685302734375,	-0.034423828125,	0.780029296875,	-0.00109557434916,	0.000835304148495,	-0.000146199017763
2.6776368618,	3,	-0.0435764752328,	0.720733642578,	0.928255438805,	-12.7356853485,	-33.2541351318,	48.5254669189,	-0.658935546875,	-0.034423828125,	0.76220703125,	-0.000549884513021,	-0.000223404727876,	-0.000142676755786
2.68915295601,	3,	-0.0434107072651,	0.720868885517,	0.928265333176,	-12.7366733551,	-33.2126846313,	48.6078720093,	-0.705810546875,	-0.027587890625,	0.7919921875,	-0.00108199752867,	-0.000223404727876,	0.000389436259866
2.70193696022,	3,	-0.0433767437935,	0.720700740814,	0.928237855434,	-12.5959014893,	-33.038898468,	48.8097343445,	-0.671630859375,	-0.031494140625,	0.776611328125,	-0.000536633655429,	-0.000218021683395,	-0.00169711001217
2.71323394775,	3,	-0.0433537587523,	0.720760166645,	0.92787116766,	-12.4832839966,	-32.8998680115,	48.9712257385,	-0.68505859375,	-0.032470703125,	0.7744140625,	-0.000523703172803,	-0.000212768092752,	-9.83439385891e-05
2.72573208809,	3,	-0.0434734746814,	0.720688581467,	0.927653610706,	-12.6763153076,	-33.2105178833,	48.8285446167,	-0.661865234375,	-0.0380859375,	0.75927734375,	0.00104678794742,	0.00135023053735,	0.000423315912485
2.73729896545,	3,	-0.0434103161097,	0.720810711384,	0.927627146244,	-12.830739975,	-33.4590377808,	48.7143974304,	-0.686279296875,	-0.031005859375,	0.7705078125,	-0.000536307692528,	-0.000759467482567,	0.000413116067648
2.74954891205,	3,	-0.0433755554259,	0.720704972744,	0.927759587765,	-12.6711549759,	-33.5172309875,	48.6230812073,	-0.677490234375,	-0.03271484375,	0.779052734375,	0.00103448703885,	0.000297414138913,	-0.000635419040918
2.76123189926,	3,	-0.0434586592019,	0.7208288908,	0.927544414997,	-12.5434865952,	-33.563785553,	48.5500297546,	-0.68408203125,	-0.036376953125,	0.76904296875,	0.000490270555019,	0.000809538178146,	-0.00113939866424
2.77372193336,	3,	-0.0434345752001,	0.720843851566,	0.927471578121,	-12.2997894287,	-33.6010284424,	48.6275253296,	-0.677490234375,	-0.03271484375,	0.76953125,	0.000478457659483,	0.000270740594715,	-7.33621418476e-05
2.78519797325,	3,	-0.0434054397047,	0.720919072628,	0.927275598049,	-12.1048316956,	-33.630821228,	48.6895217896,	-0.685302734375,	-0.032470703125,	0.773193359375,	0.000466927886009,	-0.000255073886365,	-0.0005908831954
2.79727697372,	3,	-0.0433094874024,	0.721142947674,	0.927059829235,	-12.2319908142,	-33.5140304565,	48.6031799316,	-0.688232421875,	-0.030029296875,	0.765869140625,	0.000974966213107,	0.000789653509855,	-5.73564320803e-05
2.80903100967,	3,	-0.0432881563902,	0.721145033836,	0.926983952522,	-12.3337173462,	-33.4206008911,	48.5341072083,	-0.67333984375,	-0.032470703125,	0.764404296875,	-8.71066004038e-05,	-0.000787246041,	0.000463316217065
2.82124996185,	3,	-0.0431629084051,	0.721150696278,	0.927095592022,	-12.2735366821,	-33.4864807129,	48.3429107666,	-0.692138671875,	-0.02880859375,	0.7861328125,	-0.000604297965765,	-0.000248985830694,	-6.7139044404e-05
2.83312606812,	3,	-0.0429572276771,	0.721108198166,	0.92738866806,	-12.2253923416,	-33.5391845703,	48.1899528503,	-0.689697265625,	-0.02587890625,	0.787841796875,	-7.04452395439e-05,	0.000276304315776,	-6.55204057693e-05
2.84566307068,	3,	-0.0430039316416,	0.720867574215,	0.927525937557,	-12.186876297,	-33.5813484192,	48.3394622803,	-0.6669921875,	-0.035888671875,	0.77783203125,	0.000969832763076,	0.00130822742358,	0.000455349683762
2.85722088814,	3,	-0.0428928248584,	0.72090536356,	0.927538514137,	-12.1560640335,	-33.6150779724,	48.4590682983,	-0.67578125,	-0.029296875,	0.765869140625,	0.00146575458348,	0.000238122884184,	-7.49137252569e-05
2.86961197853,	3,	-0.0428125336766,	0.720947623253,	0.927636682987,	-12.2729759216,	-33.7826881409,	48.4188194275,	-0.677490234375,	-0.02978515625,	0.768798828125,	0.000391855835915,	0.00179025670514,	-0.000592397525907
2.88122391701,	3,	-0.0427933558822,	0.720879018307,	0.927819550037,	-12.3665056229,	-33.9167747498,	48.3866195679,	-0.67138671875,	-0.03173828125,	0.768798828125,	0.000382414087653,	0.000189246144146,	-0.00161670520902
2.8932158947,	3,	-0.0427378416061,	0.720881104469,	0.927918076515,	-12.4413299561,	-33.7427940369,	48.4967956543,	-0.677734375,	-0.03076171875,	0.770263671875,	0.0003731995821,	-0.000334604643285,	-0.000539166852832
2.90511107445,	3,	-0.0428360253572,	0.720801651478,	0.92784935236,	-12.5011892319,	-33.6036109924,	48.5849380493,	-0.67626953125,	-0.037353515625,	0.774658203125,	0.00140278786421,	-0.000326541718096,	-0.000526174902916
2.91722297668,	3,	-0.0429191030562,	0.720753610134,	0.927753508091,	-12.6906394958,	-33.4922637939,	48.7913894653,	-0.67822265625,	-0.0361328125,	0.774169921875,	-0.000188885256648,	-0.000837964005768,	-0.000513495877385
2.92886996269,	3,	-0.0430217571557,	0.720631361008,	0.927719891071,	-12.8421993256,	-33.4031867981,	48.9565505981,	-0.676513671875,	-0.037841796875,	0.781005859375,	-0.000184332951903,	0.00229797139764,	0.00105674937367
2.94124007225,	3,	-0.0431284382939,	0.72080540657,	0.927467465401,	-12.6803216934,	-33.6131744385,	48.8168029785,	-0.677978515625,	-0.037353515625,	0.7607421875,	-0.000179890543222,	0.00328117981553,	0.00155057571828
2.9526848793,	3,	-0.0431852340698,	0.7207493186,	0.927467942238,	-12.5508203506,	-33.7811660767,	48.7050056458,	-0.67578125,	-0.03515625,	0.7705078125,	-0.000694846734405,	-0.00251008104533,	-4.46606427431e-05
2.96535587311,	3,	-0.043190497905,	0.720754146576,	0.927554488182,	-12.7303438187,	-33.9155578613,	48.7515029907,	-0.681396484375,	-0.033447265625,	0.771484375,	-0.0011973939836,	-0.00348817836493,	0.000994997099042
2.9769449234,	3,	-0.0430604666471,	0.720828533173,	0.927829265594,	-12.8739624023,	-34.0230712891,	48.7887039185,	-0.687744140625,	-0.028564453125,	0.77685546875,	-0.000649249181151,	0.000230907928199,	0.000971021130681
2.98912501335,	3,	-0.0430107824504,	0.720845043659,	0.928094625473,	-12.9888572693,	-33.6872062683,	48.5465888977,	-0.68115234375,	-0.03125,	0.774658203125,	-0.00167218595743,	0.00126392487437,	0.00146691314876
3.00111699104,	3,	-0.0430089198053,	0.720990002155,	0.928174436092,	-13.0807733536,	-33.4185142517,	48.352897644,	-0.677978515625,	-0.03271484375,	0.760986328125,	-0.00111260078847,	0.00123346876353,	0.00143156573176
3.01322793961,	3,	-0.0429513342679,	0.7210277915,	0.928413450718,	-12.871181488,	-33.6254348755,	48.1979446411,	-0.673828125,	-0.0302734375,	0.761962890625,	-0.000566499307752,	-0.00139270629734,	-0.000160802155733
3.02459192276,	3,	-0.0428987517953,	0.720999360085,	0.928735017776,	-12.7035074234,	-33.7909736633,	48.0739822388,	-0.6865234375,	-0.031494140625,	0.781982421875,	-3.35574150085e-05,	-0.00083985645324,	-0.000156927853823
3.03730487823,	3,	-0.0428960770369,	0.720955967903,	0.928944587708,	-12.5693683624,	-33.6421546936,	47.974811554,	-0.67724609375,	-0.0322265625,	0.7734375,	0.000486541539431,	0.000218962319195,	-0.00274959765375
3.04886102676,	3,	-0.0425632297993,	0.721016347408,	0.929403483868,	-12.4620571136,	-33.5230979919,	47.8954734802,	-0.683349609375,	-0.020751953125,	0.77490234375,	0.00203268975019,	0.00229084817693,	-0.00112547166646
3.06108593941,	3,	-0.0428572408855,	0.720586895943,	0.929524838924,	-12.6593332291,	-33.5684776306,	48.1038780212,	-0.660888671875,	-0.04443359375,	0.77783203125,	0.000425837934017,	-0.00659229233861,	-0.00109835155308
3.07252597809,	3,	-0.0430810600519,	0.720440149307,	0.929552793503,	-12.8171539307,	-33.6047821045,	48.2706031799,	-0.688720703125,	-0.040771484375,	0.792236328125,	-0.00270016677678,	-0.00279840733856,	-0.00211046636105
3.08482599258,	3,	-0.0431379452348,	0.720314621925,	0.929725110531,	-12.5187234879,	-33.6338272095,	48.2680473328,	-0.678466796875,	-0.0361328125,	0.787109375,	0.000480642542243,	0.00557767273858,	-0.000501740723848
