0.0603640079498,	0,	-2.51061677933,	-0.229326233268,	-2.98801159859,	-18.2172851562,	-18.5162525177,	-28.7149810791,	-0.463190644979,	-0.345945328474,	-2.02240872383,	1.09473526478,	0.945057034492,	1.30359375477
0.0719430446625,	0,	-2.50527715683,	-0.222592845559,	-2.99323749542,	-20.3549537659,	-18.5995788574,	-27.4256839752,	-0.461824953556,	-0.460662961006,	-2.04493188858,	1.00853312016,	0.886524617672,	1.29880475998
0.0843479633331,	0,	-2.50205898285,	-0.215695649385,	-2.9971818924,	-21.9198379517,	-18.667093277,	-26.2591457367,	-0.468880921602,	-0.403304159641,	-2.04803848267,	0.914349198341,	0.799258172512,	1.22005212307
0.0960788726807,	0,	-2.50164175034,	-0.208493828773,	-2.99944758415,	-23.1717453003,	-18.7211036682,	-25.3259143829,	-0.482310056686,	-0.276039272547,	-2.13502383232,	0.822825849056,	0.682725548744,	1.2040886879
0.108042955399,	0,	-2.50359964371,	-0.201009377837,	-3.00052070618,	-24.4637260437,	-18.6312942505,	-24.4450836182,	-0.487089902163,	-0.152359351516,	-2.23831892014,	0.743541061878,	0.563532352448,	1.17801523209
0.120101928711,	0,	-2.50574922562,	-0.192709878087,	-3.00076150894,	-25.4973106384,	-18.5594482422,	-23.7404193878,	-0.522597372532,	-0.245567411184,	-2.29190802574,	0.687669277191,	0.452852904797,	1.06201469898
0.13222694397,	0,	-2.51009750366,	-0.184994891286,	-2.99838447571,	-26.3243999481,	-18.7695198059,	-23.3099498749,	-0.521459341049,	-0.0519814230502,	-2.3260807991,	0.677559137344,	0.338448733091,	0.965170145035
0.143826961517,	0,	-2.51431012154,	-0.176420912147,	-2.99557781219,	-26.9860706329,	-18.9375762939,	-22.9655742645,	-0.539895892143,	-0.0466040372849,	-2.42626929283,	0.696715176105,	0.233090430498,	0.96091324091
0.156167030334,	0,	-2.51732540131,	-0.167147055268,	-2.99281859398,	-27.9512367249,	-19.0724182129,	-22.6899986267,	-0.561519086361,	-0.168491512537,	-2.48762512207,	0.717999696732,	0.165512144566,	0.899188160896
0.16799902916,	0,	-2.5191848278,	-0.157573059201,	-2.99086976051,	-28.7233695984,	-19.1802921295,	-22.469537735,	-0.556966841221,	-0.286794066429,	-2.45811223984,	0.724385023117,	0.154337793589,	0.874710977077
0.180187940598,	0,	-2.51942539215,	-0.147634536028,	-2.99091148376,	-28.9049739838,	-18.996673584,	-22.4302349091,	-0.550138473511,	-0.466040343046,	-2.35404038429,	0.706825315952,	0.193714112043,	0.892270684242
0.192406892776,	0,	-2.51775598526,	-0.137936234474,	-2.99364376068,	-29.0502586365,	-18.849779129,	-22.3987922668,	-0.535343647003,	-0.67934346199,	-2.2973446846,	0.68394446373,	0.271402537823,	0.899188160896
0.203980922699,	0,	-2.51538443565,	-0.129036813974,	-2.99819254875,	-29.166809082,	-19.0037555695,	-21.9663944244,	-0.525556325912,	-0.788683652878,	-2.33928394318,	0.664788424969,	0.367714911699,	0.936436057091
0.215732097626,	0,	-2.51239347458,	-0.120744936168,	-3.00465941429,	-29.2600498199,	-19.1269378662,	-21.6204776764,	-0.543310105801,	-0.951797783375,	-2.45345211029,	0.629136860371,	0.459770381451,	0.979537189007
0.228084087372,	0,	-2.51240587234,	-0.113553397357,	-3.00946092606,	-29.4797687531,	-19.0903625488,	-21.4797763824,	-0.54649668932,	-0.668588638306,	-2.54509735107,	0.595613777637,	0.509256839752,	1.01465666294
0.239932060242,	0,	-2.5167222023,	-0.107346601784,	-3.01160979271,	-29.655544281,	-19.0611019135,	-21.3672161102,	-0.550366044044,	-0.204340770841,	-2.50393486023,	0.557833790779,	0.493293464184,	1.05243659019
0.252028942108,	0,	-2.52355122566,	-0.101449735463,	-3.01185250282,	-29.6508636475,	-19.0365753174,	-21.4123191833,	-0.561519086361,	0.0279143732041,	-2.38898992538,	0.51792538166,	0.433696866035,	1.03647327423
0.26367688179,	3,	-2.53193569183,	-0.0955985412002,	-3.01112341881,	-29.6471176147,	-19.016954422,	-21.4484024048,	-0.55856013298,	0.141601994634,	-2.35248708725,	0.466310441494,	0.371439695358,	1.02636313438
0.277270078659,	3,	-2.541847229,	-0.0906552001834,	-3.00960016251,	-29.6438484192,	-18.7317371368,	-21.6142578125,	-0.566071331501,	0.239556074142,	-2.474421978,	0.388089895248,	0.354944199324,	0.953995764256
0.287473917007,	3,	-2.55260157585,	-0.0874020755291,	-3.00679588318,	-29.6412334442,	-18.5035629272,	-21.7469425201,	-0.605220556259,	0.246154010296,	-2.66470217705,	0.304548233747,	0.394852638245,	0.769884824753
0.300401926041,	3,	-2.56372833252,	-0.0859354808927,	-3.0028591156,	-29.7844429016,	-18.3221416473,	-21.7179374695,	-0.618649721146,	0.191340342164,	-2.66081905365,	0.23377725482,	0.468816280365,	0.570874750614
0.311497926712,	3,	-2.57506608963,	-0.0854026302695,	-2.99912977219,	-29.8990116119,	-18.1770057678,	-21.6947345734,	-0.607724308968,	0.122823238373,	-2.60722970963,	0.156088829041,	0.541715741158,	0.49957165122
0.323960065842,	3,	-2.58656191826,	-0.0859266892076,	-2.99612283707,	-30.1360397339,	-18.1943092346,	-21.8103408813,	-0.566981732845,	0.0695321634412,	-2.66159558296,	0.0768040567636,	0.611954569817,	0.460195302963
0.335443973541,	3,	-2.59856176376,	-0.0875497311354,	-2.99363636971,	-30.3256626129,	-18.208152771,	-21.9028263092,	-0.523280203342,	0.0664869621396,	-2.75479412079,	-0.000352263916284,	0.670486927032,	0.430397003889
0.34787106514,	3,	-2.61115980148,	-0.0899452492595,	-2.9913418293,	-30.3319606781,	-18.0848274231,	-21.977771759,	-0.482082426548,	0.0649643614888,	-2.82624650002,	-0.0812333673239,	0.699753165245,	0.39634180069
0.359685897827,	3,	-2.62343025208,	-0.0920561105013,	-2.98928666115,	-30.3369998932,	-17.9861679077,	-22.037727356,	-0.488455563784,	-0.0448115728796,	-2.88449549675,	-0.140829980373,	0.690707206726,	0.375057309866
0.37206196785,	3,	-2.63582253456,	-0.0936688706279,	-2.98704338074,	-29.9050273895,	-17.7706050873,	-22.3569545746,	-0.488910794258,	-0.0161321666092,	-2.99322724342,	-0.15572912991,	0.637495994568,	0.396873921156
0.383687973022,	3,	-2.64778876305,	-0.0942521169782,	-2.98431754112,	-29.5594501495,	-17.5981559753,	-22.6123371124,	-0.495739161968,	0.0187787599862,	-3.0708925724,	-0.118481248617,	0.53852301836,	0.419754743576
0.396113872528,	3,	-2.65852832794,	-0.0936185196042,	-2.9801607132,	-29.137834549,	-17.594329834,	-22.8157367706,	-0.499608576298,	0.0314671099186,	-3.05380630493,	-0.015783527866,	0.395916879177,	0.379314213991
0.407402038574,	3,	-2.6677737236,	-0.0915941894054,	-2.97408819199,	-28.8005428314,	-17.5912704468,	-22.9784564972,	-0.500519037247,	0.0796828493476,	-3.02196335793,	0.134804323316,	0.217659175396,	0.316524922848
0.419786930084,	3,	-2.67472505569,	-0.08753426373,	-2.96700239182,	-28.8208408356,	-17.1843128204,	-23.3816299438,	-0.487772732973,	0.0659794285893,	-2.91478514671,	0.315190494061,	0.0197133086622,	0.28832295537
0.431592941284,	3,	-2.67931699753,	-0.0813324078918,	-2.95914053917,	-28.8370780945,	-16.8587474823,	-23.7041683197,	-0.505754113197,	0.0695321634412,	-2.85420608521,	0.513668477535,	-0.166526079178,	0.293111979961
0.44378900528,	3,	-2.68211865425,	-0.073744148016,	-2.95024561882,	-28.9956684113,	-16.8699188232,	-23.5549297333,	-0.532384693623,	0.128913655877,	-2.84333276749,	0.700439989567,	-0.309664368629,	0.280341267586
0.455542087555,	3,	-2.68354606628,	-0.0656451061368,	-2.94051384926,	-29.1225414276,	-16.8788566589,	-23.4355392456,	-0.557877242565,	0.172561571002,	-2.9000287056,	0.839321315289,	-0.389481246471,	0.237240165472
0.46802687645,	3,	-2.68395161629,	-0.0574247576296,	-2.93092107773,	-29.0788860321,	-17.0201416016,	-23.3391208649,	-0.563567578793,	0.158858150244,	-2.89692211151,	0.912220776081,	-0.40438041091,	0.239900738001
0.480110883713,	3,	-2.68433904648,	-0.049687564373,	-2.92238306999,	-29.0439624786,	-17.1331691742,	-23.2619857788,	-0.556056380272,	0.145154744387,	-2.87439894676,	0.897321581841,	-0.345315903425,	0.28725874424
0.491899967194,	3,	-2.68557190895,	-0.0432331860065,	-2.91486382484,	-29.1611766815,	-17.0894565582,	-23.2011833191,	-0.545358598232,	0.124853372574,	-2.77809381485,	0.810055136681,	-0.220801562071,	0.292579859495
0.503365039825,	3,	-2.68791055679,	-0.0385693982244,	-2.90743970871,	-29.2549476624,	-17.0544872284,	-23.1525421143,	-0.545813798904,	0.0827280506492,	-2.60412311554,	0.694586753845,	-0.0702137127519,	0.207973971963
0.515544891357,	3,	-2.69154953957,	-0.0355562455952,	-2.90046286583,	-29.6205158234,	-17.0267753601,	-23.113576889,	-0.557877242565,	0.0883109271526,	-2.71906805038,	0.57698982954,	0.0516400635242,	0.153698503971
0.527042865753,	3,	-2.6957359314,	-0.033785071224,	-2.89431428909,	-29.9129714966,	-17.0046062469,	-23.0824050903,	-0.525783956051,	0.00761301070452,	-2.73460125923,	0.465778321028,	0.14688821137,	0.106872595847
0.539594888687,	3,	-2.69969105721,	-0.0325326174498,	-2.88940596581,	-30.001832962,	-17.1229763031,	-22.7863082886,	-0.50074660778,	-0.123679943383,	-2.65382909775,	0.388089895248,	0.220319747925,	0.110597379506
0.551302909851,	3,	-2.70276045799,	-0.0309011843055,	-2.88747596741,	-30.0729236603,	-17.217672348,	-22.5494308472,	-0.464556306601,	-0.301133781672,	-2.57694029808,	0.324236392975,	0.271934658289,	0.251075088978
0.563385009766,	3,	-2.70448541641,	-0.0289016831666,	-2.88792586327,	-30.1298942566,	-17.4267101288,	-22.4941253662,	-0.44566449523,	-0.471417754889,	-2.43015265465,	0.295502305031,	0.313439428806,	0.347387462854
0.575094938278,	3,	-2.70746707916,	-0.027096323669,	-2.88840293884,	-30.1754703522,	-17.5939407349,	-22.4498806,	-0.423358500004,	-0.315473467112,	-2.39209651947,	0.292309641838,	0.333127588034,	0.435718148947
0.587588071823,	3,	-2.71067595482,	-0.0250495560467,	-2.88960003853,	-29.9215526581,	-17.8637008667,	-22.1433506012,	-0.426545083523,	-0.308303624392,	-2.45733547211,	0.278474718332,	0.337384492159,	0.529369950294
0.599009037018,	3,	-2.71614027023,	-0.0231667589396,	-2.88955307007,	-29.7184181213,	-18.0795078278,	-21.8981266022,	-0.45089957118,	-0.0734909772873,	-2.45500540733,	0.253997534513,	0.330467045307,	0.568746268749
0.611263036728,	3,	-2.72243404388,	-0.0211531445384,	-2.88904118538,	-29.8461647034,	-17.9819126129,	-21.9740123749,	-0.45089957118,	0.00710547668859,	-2.37268018723,	0.234309375286,	0.307054072618,	0.570874750614
0.623293876648,	3,	-2.72831559181,	-0.0189883690327,	-2.88836145401,	-29.9483623505,	-17.9038352966,	-22.0347213745,	-0.440884649754,	0.000507534074131,	-2.37656331062,	0.252933323383,	0.275127321482,	0.551718652248
0.635663986206,	3,	-2.73380565643,	-0.0170866437256,	-2.88683247566,	-29.8848190308,	-17.8402557373,	-22.2184410095,	-0.432235389948,	0.0365424528718,	-2.42316269875,	0.301355540752,	0.24745747447,	0.489993602037
0.647032976151,	3,	-2.73858618736,	-0.0153536833823,	-2.88488507271,	-29.833984375,	-17.7893924713,	-22.3654155731,	-0.413115978241,	0.0406027249992,	-2.48451828957,	0.351374149323,	0.220319747925,	0.445828258991
0.659502029419,	3,	-2.7427251339,	-0.0135087380186,	-2.88273072243,	-29.793466568,	-17.8839550018,	-22.3469371796,	-0.403556257486,	0.0294369757175,	-2.49539160728,	0.389154136181,	0.193714112043,	0.428800672293
0.671233892441,	3,	-2.74657845497,	-0.0114624854177,	-2.88046264648,	-29.761051178,	-17.9596042633,	-22.3321552277,	-0.398321181536,	0.0116732828319,	-2.44801568985,	0.395007371902,	0.172961711884,	0.420286864042
0.68332195282,	3,	-2.75063872337,	-0.00932847801596,	-2.87844204903,	-29.880147934,	-17.7517223358,	-22.3221664429,	-0.382615953684,	0.00253767031245,	-2.41539621353,	0.362548500299,	0.159658908844,	0.420286864042
0.69512295723,	3,	-2.75468540192,	-0.00675296690315,	-2.87711429596,	-29.9754257202,	-17.5854167938,	-22.3141746521,	-0.388078629971,	-0.0824532955885,	-2.34938049316,	0.295502305031,	0.153805673122,	0.437314480543
0.70748090744,	3,	-2.76026034355,	-0.00424662372097,	-2.875831604,	-30.1971969604,	-17.7220249176,	-22.1707668304,	-0.392858505249,	-0.0179246291518,	-2.34938049316,	0.207703739405,	0.157530456781,	0.468176990747
0.718842983246,	3,	-2.76714754105,	-0.00220205821097,	-2.87404942513,	-30.3746128082,	-17.8313102722,	-22.0560398102,	-0.40332865715,	0.0451705306768,	-2.3369538784,	0.135868549347,	0.179347068071,	0.443167716265
0.731190919876,	3,	-2.77450299263,	-0.000639289675746,	-2.87183618546,	-30.371219635,	-17.9166355133,	-22.234539032,	-0.415392100811,	0.0598890185356,	-2.35248708725,	0.0970243364573,	0.205952703953,	0.40485560894
0.742915868759,	3,	-2.78208780289,	0.000533666461706,	-2.86986112595,	-30.3685054779,	-17.9848957062,	-22.3773384094,	-0.425634622574,	0.0720698386431,	-2.50005149841,	0.0693544819951,	0.228833556175,	0.412837296724
0.755507946014,	3,	-2.7900121212,	0.0014031981118,	-2.86813926697,	-30.0757083893,	-17.9069442749,	-22.2223052979,	-0.430414497852,	0.0715622976422,	-2.63751935959,	0.0230606868863,	0.245329022408,	0.420286864042
0.766742944717,	3,	-2.79859018326,	0.00202706595883,	-2.86602807045,	-29.8414707184,	-17.8445835114,	-22.098279953,	-0.437015235424,	0.104044482112,	-2.71751475334,	-0.0269578918815,	0.245329022408,	0.393681228161
0.780324935913,	3,	-2.80736398697,	0.00304532516748,	-2.86394667625,	-29.9444580078,	-17.6587200165,	-22.2701931,	-0.452265262604,	0.132466390729,	-2.71207809448,	-0.0386643670499,	0.219255506992,	0.408048272133
0.790874004364,	3,	-2.81574320793,	0.00443235738203,	-2.86171531677,	-30.0268478394,	-17.5100288391,	-22.4077243805,	-0.45021674037,	0.176114320755,	-2.68955516815,	0.0081615364179,	0.179347068071,	0.412305176258
0.803144931793,	3,	-2.82306933403,	0.00620039412752,	-2.85930538177,	-30.0927600861,	-17.3910770416,	-22.5177497864,	-0.45249286294,	0.196923211217,	-2.71829152107,	0.094363771379,	0.136245965958,	0.40485560894
0.8150370121,	3,	-2.82918667793,	0.00810354482383,	-2.85630297661,	-30.1454906464,	-17.2959156036,	-22.6057701111,	-0.451582401991,	0.20250608027,	-2.66547894478,	0.190676137805,	0.109108217061,	0.356965482235
0.827518939972,	3,	-2.83387136459,	0.010067875497,	-2.85275053978,	-30.3329257965,	-17.2189331055,	-22.8112869263,	-0.473433166742,	0.184742391109,	-2.64062595367,	0.293373852968,	0.102722868323,	0.30162575841
0.838736057281,	3,	-2.83703947067,	0.0119456062093,	-2.84974384308,	-30.4828739166,	-17.1573467255,	-22.9757003784,	-0.461824953556,	0.128913655877,	-2.69110846519,	0.373190760612,	0.109108217061,	0.304818451405
0.851003885269,	3,	-2.8391289711,	0.0135422646999,	-2.84756350517,	-30.4576797485,	-17.2422122955,	-23.1063251495,	-0.463418245316,	0.055321212858,	-2.75091099739,	0.410970747471,	0.147420316935,	0.333552539349
0.862726926804,	3,	-2.84099555016,	0.014183848165,	-2.84487938881,	-30.4375247955,	-17.3101043701,	-23.2108249664,	-0.473205566406,	0.0522760078311,	-2.77964711189,	0.42427355051,	0.212338060141,	0.269166916609
0.875420093536,	3,	-2.84301424026,	0.0137512097135,	-2.84147930145,	-30.4213027954,	-17.231136322,	-23.1602287292,	-0.464328706264,	0.0680095627904,	-2.80061674118,	0.415227651596,	0.270870447159,	0.180304124951
0.886807918549,	3,	-2.84424257278,	0.0130256665871,	-2.83768415451,	-30.4083251953,	-17.167963028,	-23.1197528839,	-0.479806303978,	-0.0734909772873,	-2.77576398849,	0.390750467777,	0.300136625767,	0.0792027413845
0.899301052094,	3,	-2.84329175949,	0.0125988330692,	-2.83454442024,	-30.1074390411,	-17.1191310883,	-22.8171691895,	-0.474571228027,	-0.408681541681,	-2.76256084442,	0.359355837107,	0.282044798136,	-0.0155132971704
0.910537004471,	3,	-2.84093952179,	0.0128090232611,	-2.8322224617,	-29.8667316437,	-17.0800647736,	-22.5751018524,	-0.464556306601,	-0.67934346199,	-2.79518032074,	0.314126253128,	0.215530723333,	-0.0676603242755
0.922971010208,	3,	-2.83791565895,	0.0138167925179,	-2.83001899719,	-29.5288639069,	-17.0476932526,	-22.5165996552,	-0.454541385174,	-0.840665102005,	-2.77576398849,	0.273685693741,	0.125071585178,	-0.121935799718
0.934815883636,	3,	-2.83439683914,	0.0154745755717,	-2.82792973518,	-29.2585697174,	-17.0217971802,	-22.4697990417,	-0.424268960953,	-0.933873176575,	-2.69732189178,	0.248676419258,	0.0409978106618,	-0.15811945498
0.947090864182,	3,	-2.83000683784,	0.0175654720515,	-2.82641530037,	-29.4781131744,	-16.9995059967,	-22.7025356293,	-0.416985362768,	-1.05217576027,	-2.7089715004,	0.259850770235,	-0.0164703428745,	-0.173018604517
0.958924055099,	3,	-2.82385349274,	0.0193898975849,	-2.82601857185,	-29.6537475586,	-16.981672287,	-22.8887252808,	-0.396727889776,	-1.23859190941,	-2.70664167404,	0.310401469469,	-0.0303052701056,	-0.194835215807
0.971263885498,	3,	-2.81568264961,	0.020608427003,	-2.82690119743,	-29.6491775513,	-17.1044979095,	-22.6313896179,	-0.399686843157,	-1.42142307758,	-2.68101191521,	0.388622015715,	0.0053462702781,	-0.191642552614
0.982784986496,	3,	-2.80516242981,	0.0209079124033,	-2.8312060833,	-29.6455211639,	-17.2027568817,	-22.4255218506,	-0.372828632593,	-1.71538698673,	-2.6452858448,	0.451411306858,	0.0729245692492,	-0.0687245503068
0.99529504776,	3,	-2.79352283478,	0.0206613373011,	-2.83839988708,	-29.4973201752,	-17.2812328339,	-22.2608528137,	-0.356212943792,	-1.82831215858,	-2.54121422768,	0.484402269125,	0.150080889463,	0.086652316153
1.00674009323,	3,	-2.78183150291,	0.0202460642904,	-2.84723448753,	-29.3787593842,	-17.3440132141,	-22.1291179657,	-0.350067406893,	-1.8085950613,	-2.4503455162,	0.490255504847,	0.213934391737,	0.207973971963
1.01927089691,	3,	-2.77102255821,	0.0201283693314,	-2.85625290871,	-29.4292602539,	-17.5266666412,	-22.2930278778,	-0.347791284323,	-1.68133020401,	-2.44723892212,	0.496640861034,	0.250650167465,	0.297368884087
1.03042793274,	3,	-2.7602930069,	0.0202656146139,	-2.86490678787,	-29.4696617126,	-17.67278862,	-22.4241542816,	-0.361903250217,	-1.59349954128,	-2.35714697838,	0.520585954189,	0.257035493851,	0.295772522688
1.04270601273,	3,	-2.74906730652,	0.0209839623421,	-2.87285447121,	-29.2117023468,	-18.0589427948,	-22.3921165466,	-0.386940568686,	-1.52897083759,	-2.26239514351,	0.580714643002,	0.235218882561,	0.281937599182
1.05451607704,	3,	-2.73732113838,	0.021862635389,	-2.87899756432,	-29.0053348541,	-18.3678646088,	-22.3664855957,	-0.392858505249,	-1.5379332304,	-2.32918739319,	0.663192093372,	0.193714112043,	0.193074822426
1.06689596176,	3,	-2.72433304787,	0.0227699317038,	-2.88408112526,	-28.8399944305,	-18.3464679718,	-22.3478450775,	-0.422448068857,	-1.65265083313,	-2.36180686951,	0.737155735493,	0.143163412809,	0.0696247145534
1.07885599136,	3,	-2.7103729248,	0.0237669255584,	-2.88912606239,	-28.7077217102,	-18.3293514252,	-22.3329315186,	-0.423130899668,	-1.73689651489,	-2.30278110504,	0.776532053947,	0.0989980772138,	0.0142850056291
1.0907728672,	3,	-2.69514226913,	0.0243496894836,	-2.89534068108,	-28.7475757599,	-18.7195777893,	-22.1830539703,	-0.409929394722,	-2.03982281685,	-2.2724916935,	0.759504437447,	0.064942881465,	-0.0133848469704
1.10238409042,	3,	-2.68010592461,	0.0249671135098,	-2.90155005455,	-28.7794589996,	-19.0317592621,	-22.0631523132,	-0.421310007572,	-2.15633296967,	-2.18084645271,	0.682880282402,	0.0191811975092,	-0.0671282112598
1.11485004425,	3,	-2.66563987732,	0.026023061946,	-2.90896010399,	-28.6596641541,	-19.2803859711,	-22.1023845673,	-0.420399546623,	-2.25671076775,	-2.03794193268,	0.562090694904,	-0.0377548485994,	-0.0314766727388
1.12664794922,	3,	-2.65441513062,	0.0288039818406,	-2.91549754143,	-28.5638275146,	-19.4792861938,	-22.133769989,	-0.416985362768,	-2.05774736404,	-2.10007429123,	0.421080887318,	-0.0909660980105,	0.0765421763062
1.13913702965,	3,	-2.64653778076,	0.0328548550606,	-2.92132329941,	-28.7777118683,	-19.638671875,	-22.158826828,	-0.424724191427,	-1.84265184402,	-2.09852099419,	0.25559386611,	-0.111718483269,	0.172322437167
1.15022397041,	3,	-2.63974690437,	0.036720443517,	-2.92894411087,	-28.9488182068,	-19.7661800385,	-22.1788730621,	-0.409929394722,	-1.98784136772,	-2.05114507675,	0.0954279974103,	-0.101076237857,	0.243093401194
1.16301393509,	3,	-2.63522458076,	0.0404123291373,	-2.93653702736,	-29.0857543945,	-19.8701591492,	-21.9246559143,	-0.378746539354,	-1.97350168228,	-2.12881064415,	-0.0381322540343,	-0.0595714598894,	0.311203807592
1.17421507835,	3,	-2.63216567039,	0.0429635308683,	-2.94414377213,	-29.1953029633,	-19.9533424377,	-21.721282959,	-0.366000264883,	-2.02727556229,	-2.13191723824,	-0.173288837075,	0.0122637338936,	0.276616483927
1.1868519783,	3,	-2.63201808929,	0.0451211184263,	-2.95037150383,	-29.1374187469,	-19.7512226105,	-21.5604724884,	-0.338003963232,	-1.7906703949,	-2.17540979385,	-0.286096692085,	0.0739887878299,	0.285130292177
1.19871997833,	3,	-2.63218641281,	0.0470795743167,	-2.95734381676,	-29.0911121368,	-19.5895252228,	-21.4318237305,	-0.329582333565,	-1.86953878403,	-2.23443555832,	-0.322280347347,	0.101126529276,	0.333552539349
1.21083593369,	3,	-2.63160967827,	0.0494062677026,	-2.96427249908,	-28.9088878632,	-19.5933170319,	-21.4631252289,	-0.32844427228,	-1.86057651043,	-2.25229859352,	-0.246188253164,	0.0825025886297,	0.367075622082
1.22205805779,	3,	-2.62877297401,	0.0528837181628,	-2.97169184685,	-28.7631092072,	-19.5963497162,	-21.4881668091,	-0.347791284323,	-1.88029360771,	-2.21734905243,	-0.0737837925553,	0.0165206342936,	0.435718148947
1.23482203484,	3,	-2.62419438362,	0.0581437945366,	-2.97862076759,	-28.936914444,	-19.4647731781,	-21.5090808868,	-0.369186848402,	-1.69387745857,	-2.19870948792,	0.165134742856,	-0.0595714598894,	0.545333325863
1.24654388428,	3,	-2.6174659729,	0.0647177398205,	-2.98571634293,	-29.075958252,	-19.3595123291,	-21.525812149,	-0.39354133606,	-1.57736730576,	-2.20647597313,	0.426402002573,	-0.0914982110262,	0.672508239746
1.25883102417,	3,	-2.60916280746,	0.0714926272631,	-2.99266791344,	-29.1872425079,	-19.4066143036,	-21.9436454773,	-0.416757762432,	-1.39453613758,	-2.18162298203,	0.673302233219,	-0.0366906225681,	0.754985690117
1.27009606361,	3,	-2.60074090958,	0.0772186592221,	-2.99925732613,	-29.2762699127,	-19.4442958832,	-22.2779121399,	-0.426772683859,	-1.18840289116,	-2.22356247902,	0.849431455135,	0.109108217061,	0.82362818718
1.28326797485,	3,	-2.59292674065,	0.0807614922523,	-3.00563502312,	-29.6378974915,	-19.2101135254,	-22.0066299438,	-0.451810032129,	-1.03962850571,	-2.29423809052,	0.940422713757,	0.322485357523,	0.823096096516
1.29403090477,	3,	-2.5870141983,	0.0822589620948,	-3.01215386391,	-29.92719841,	-19.0227680206,	-21.789604187,	-0.482765287161,	-0.822740495205,	-2.31443095207,	0.95851457119,	0.554486393929,	0.875243127346
1.30646705627,	3,	-2.58313250542,	0.0811973884702,	-3.01879501343,	-29.7230091095,	-19.1390571594,	-21.8844509125,	-0.472295105457,	-0.670381128788,	-2.36336016655,	0.920202434063,	0.773184657097,	0.887481689453
1.31826901436,	3,	-2.58150053024,	0.0773687437177,	-3.0240688324,	-29.5596561432,	-19.2320899963,	-21.9603290558,	-0.489593625069,	-0.478587597609,	-2.40063977242,	0.876037120819,	0.955699265003,	0.7970225811
1.33069992065,	3,	-2.58045172691,	0.0718699842691,	-3.02934527397,	-29.5744247437,	-19.4428863525,	-21.7498207092,	-0.500974237919,	-0.509059488773,	-2.5140311718,	0.820697426796,	1.08074569702,	0.732636928558
1.34190487862,	3,	-2.57983255386,	0.0652427524328,	-3.03492069244,	-29.5862407684,	-19.6115226746,	-21.581413269,	-0.503477990627,	-0.600475072861,	-2.71440815926,	0.746733784676,	1.16215896606,	0.689003705978
1.35440301895,	3,	-2.58093881607,	0.0575213469565,	-3.03931188583,	-29.595369339,	-19.4749412537,	-21.853931427,	-0.505298852921,	-0.507266998291,	-2.74547433853,	0.652017712593,	1.20313155651,	0.599608778954
1.36619997025,	3,	-2.58291077614,	0.0493895970285,	-3.04336428642,	-29.6026725769,	-19.3656768799,	-22.0719451904,	-0.482310056686,	-0.537738859653,	-2.77654051781,	0.549852132797,	1.20951700211,	0.541076421738
1.37841486931,	3,	-2.58528995514,	0.040516179055,	-3.04619121552,	-29.4632396698,	-19.2781333923,	-22.246383667,	-0.460686892271,	-0.589720308781,	-2.89769864082,	0.47908115387,	1.1940857172,	0.406984061003
1.38996195793,	3,	-2.58643841743,	0.0309095270932,	-3.04718565941,	-29.3516921997,	-19.2080974579,	-22.3859329224,	-0.430414497852,	-0.760004281998,	-2.9644908905,	0.474292129278,	1.1414065361,	0.168597653508
1.40267705917,	3,	-2.58847904205,	0.0211198553443,	-3.04519081116,	-29.1173267365,	-19.2871894836,	-22.3615398407,	-0.438153296709,	-0.595097661018,	-3.36757469177,	0.514732658863,	1.03285562992,	0.0579182356596
1.41383600235,	3,	-2.58853363991,	0.0116497194394,	-3.04276132584,	-28.9298343658,	-19.3504619598,	-22.3420257568,	-0.403556257486,	-0.985854625702,	-3.6518304348,	0.515796899796,	0.950910270214,	-0.0862842649221
1.42632198334,	3,	-2.58974814415,	0.00116736092605,	-3.03804945946,	-28.9254379272,	-19.8020439148,	-22.5938491821,	-0.359627127647,	-0.90160882473,	-4.0285077095,	0.483870148659,	0.918451428413,	-0.225697755814
1.43819499016,	3,	-2.59310364723,	-0.0103246821091,	-3.03140974045,	-28.9219207764,	-20.1633090973,	-22.7953071594,	-0.37146294117,	-0.747457027435,	-4.62109565735,	0.400328487158,	0.920579850674,	-0.327331274748
1.45011806488,	3,	-2.59648823738,	-0.0226542837918,	-3.02499938011,	-28.6280345917,	-19.9140014648,	-23.0953769684,	-0.347108453512,	-1.33000743389,	-5.12980413437,	0.232713028789,	0.963148832321,	-0.498671531677
1.46200489998,	3,	-2.60129237175,	-0.035616800189,	-3.01944541931,	-28.3929252625,	-19.7145557404,	-23.3354320526,	-0.345515161753,	-1.69029247761,	-5.70064544678,	0.0475378632545,	1.03711247444,	-0.5369836092
1.47414803505,	3,	-2.60751819611,	-0.0483503974974,	-3.01639413834,	-27.9146308899,	-19.9565505981,	-23.659860611,	-0.273362129927,	-1.92152023315,	-6.07110977173,	-0.121673919261,	1.12225055695,	-0.367771804333
1.48624300957,	3,	-2.61569094658,	-0.0614685751498,	-3.01498651505,	-27.5319957733,	-20.1501464844,	-23.9194049835,	-0.203257605433,	-1.89104831219,	-6.16819143295,	-0.292482048273,	1.2313336134,	-0.242725357413
1.49821305275,	3,	-2.62631201744,	-0.0747942253947,	-3.01538419724,	-26.935459137,	-20.4390258789,	-24.126159668,	-0.173668041825,	-1.77812325954,	-6.49128007889,	-0.478721439838,	1.35691213608,	-0.0490363873541
1.51003694534,	3,	-2.63919830322,	-0.089296489954,	-3.0172097683,	-26.4582290649,	-20.670129776,	-24.2915630341,	-0.100832164288,	-1.74944376945,	-6.9642624855,	-0.672410428524,	1.51973855495,	0.0653678178787
1.52202796936,	3,	-2.65276932716,	-0.105805493891,	-3.01881074905,	-25.6404666901,	-20.7193641663,	-24.5600204468,	-0.0755672156811,	-1.84982168674,	-7.39375257492,	-0.758080542088,	1.68682193756,	0.000450080027804
1.53409695625,	3,	-2.66607832909,	-0.123331330717,	-3.02014279366,	-24.9862575531,	-20.7587509155,	-24.7747859955,	-0.0591791458428,	-1.60783922672,	-7.90556812286,	-0.69582337141,	1.79324448109,	0.0398264080286
1.54602599144,	3,	-2.67747688293,	-0.141267076135,	-3.02072358131,	-24.608089447,	-20.7874355316,	-25.3519535065,	-0.00409701792523,	-1.48595178127,	-8.31408882141,	-0.522354662418,	1.8193179369,	0.0217345822603
1.55801105499,	3,	-2.68657207489,	-0.15882383287,	-3.01990938187,	-24.3055553436,	-20.810382843,	-25.8136882782,	0.093162111938,	-1.35868692398,	-8.477186203,	-0.313234448433,	1.75227177143,	-0.0309445597231
1.57030105591,	3,	-2.69441080093,	-0.175255909562,	-3.01754355431,	-23.6274280548,	-20.5588245392,	-26.320142746,	0.364803224802,	-1.27264869213,	-8.48184585571,	-0.200426578522,	1.58359205723,	-0.0953301787376
1.58329606056,	3,	-2.70258355141,	-0.189283177257,	-3.01329302788,	-23.0849246979,	-20.3575782776,	-26.7253055573,	0.517785191536,	-1.24755418301,	-8.41427707672,	-0.218518406153,	1.32817804813,	-0.151734098792
1.59446907043,	3,	-2.7131717205,	-0.199639409781,	-3.00668072701,	-22.0699157715,	-20.329334259,	-27.1837329865,	0.396184146404,	-1.09340238571,	-8.49349594116,	-0.370702594519,	1.02487397194,	-0.137899175286
1.60608887672,	3,	-2.7275159359,	-0.206305503845,	-2.9965865612,	-21.2579078674,	-20.3067378998,	-27.5504760742,	0.0941427648067,	-0.935665607452,	-8.76765537262,	-0.607492685318,	0.715716540813,	-0.196431562304
1.61935186386,	3,	-2.74566483498,	-0.210169121623,	-2.98344278336,	-20.4627285004,	-20.0180244446,	-28.1160125732,	0.0196130760014,	-0.81557059288,	-9.39752197266,	-0.867163598537,	0.433696866035,	-0.293276071548
1.63067102432,	3,	-2.76826786995,	-0.211995735765,	-2.96714520454,	-19.8265857697,	-19.7870521545,	-28.568441391,	-0.0218507628888,	-0.566418290138,	-9.94040393829,	-1.17153203487,	0.200099468231,	-0.424175739288
1.64263105392,	3,	-2.79657578468,	-0.212639153004,	-2.94632148743,	-19.4631443024,	-19.868970871,	-29.1987514496,	-0.0380112230778,	0.163425967097,	-11.0440301895,	-1.50410234928,	-0.0154061168432,	-0.638617098331
1.65404605865,	3,	-2.83037662506,	-0.211638659239,	-2.91976213455,	-19.1723899841,	-19.9345054626,	-29.702999115,	-0.0314104706049,	0.417700529099,	-12.8994579315,	-1.88562703133,	-0.272948592901,	-1.04781162739
1.66604304314,	3,	-2.87016129494,	-0.207664832473,	-2.88770985603,	-18.7941894531,	-19.5859699249,	-29.8389625549,	-0.00660075107589,	0.484187483788,	-15.99908638,	-2.3533539772,	-0.595940947533,	-1.4793548584
1.67774486542,	3,	-2.91686868668,	-0.199391141534,	-2.85256171227,	-18.4916305542,	-19.3071422577,	-29.9477329254,	-0.296123355627,	0.457288175821,	-20.125453949,	-2.96581554413,	-0.909355223179,	-1.72253036499
1.69016003609,	3,	-2.97015166283,	-0.187506437302,	-2.81372666359,	-18.2491092682,	-18.6773357391,	-30.5780525208,	-1.02835154533,	0.727803826332,	-24.6797561646,	-3.53783655167,	-1.13284254074,	-2.04977965355
1.70180296898,	3,	-3.01847743988,	-0.170775830746,	-2.78590631485,	-18.0550937653,	-18.1734905243,	-31.0823078156,	-1.74100494385,	3.43093013763,	-25.4486446381,	-3.2355966568,	-1.30258643627,	-1.04940795898
1.71390008926,	3,	-3.05260682106,	-0.155694752932,	-2.75955963135,	-18.0447616577,	-17.3667583466,	-31.6236057281,	-1.70458710194,	4.30287361145,	-25.4486446381,	-2.10379314423,	-1.1349709034,	-1.04249048233
1.72575807571,	3,	-3.06924462318,	-0.145722165704,	-2.72514891624,	-18.0364952087,	-16.7213726044,	-32.0566444397,	-0.980780541897,	4.06737804413,	-25.4486446381,	-0.6154743433,	-0.783776640892,	-1.90504491329
1.73808407784,	3,	-3.06955289841,	-0.142346739769,	-2.70725870132,	-18.3202114105,	-15.9377803802,	-32.2697601318,	6.00552415848,	4.42265176773,	-25.4486446381,	0.507815241814,	-0.557096719742,	-0.983958125114
1.74969100952,	3,	-3.05753946304,	-0.146726623178,	-2.71718764305,	-18.5471858978,	-15.3109064102,	-32.4402542114,	20.6810073853,	2.73154830933,	-25.4486446381,	1.14209330082,	-0.477811932564,	0.898123919964
1.76214909554,	3,	-3.03545117378,	-0.156965091825,	-2.76263713837,	-18.7289638519,	-14.9466314316,	-32.170337677,	27.0327033997,	1.34039747715,	-17.3131866455,	1.52042531967,	-0.222397893667,	3.74173331261
1.77386903763,	3,	-2.98353767395,	-0.161561474204,	-2.86830425262,	-18.8743858337,	-14.6552114487,	-31.9544029236,	1.42489004135,	-3.63869976997,	-1.55796933174,	1.82851850986,	0.22457665205,	7.38776874542
1.78664088249,	3,	-2.9191172123,	-0.162789568305,	-2.97249770164,	-18.9902801514,	-13.8869771957,	-31.5151290894,	-0.13087695837,	-0.430191099644,	-0.040386043489,	2.09297847748,	0.324081689119,	6.23468065262
1.79739904404,	3,	-2.81823468208,	-0.149343699217,	-3.08125352859,	-19.0829963684,	-13.2723903656,	-31.1637096405,	-0.206671789289,	0.0878033936024,	0.0731681212783,	2.29837393761,	0.104851320386,	5.6333937645
1.80993103981,	3,	-2.71532464027,	-0.11597533524,	3.11195993423,	-19.3025684357,	-12.9151201248,	-30.8816165924,	-0.250600934029,	0.25478208065,	0.172566324472,	2.32976841927,	-0.264966905117,	5.19120836258
1.82159495354,	3,	-2.61934494972,	-0.0677574202418,	3.03692507744,	-19.478225708,	-12.6293039322,	-30.6559429169,	-0.251056164503,	0.329389601946,	0.207079589367,	2.18982291222,	-0.730033278465,	4.80116987228
1.83386993408,	3,	-2.53171634674,	-0.00880430825055,	2.97768449783,	-19.7639541626,	-12.2684869766,	-30.2060546875,	-0.213044926524,	0.346645742655,	0.209150373936,	1.94771170616,	-1.1690261364,	4.3829293251
1.84561800957,	3,	-2.45201802254,	0.0572126060724,	2.93310499191,	-19.9925384521,	-11.9798336029,	-29.8461437225,	-0.179813563824,	0.354766309261,	0.201557457447,	1.6624994278,	-1.52607369423,	3.97958755493
1.85811591148,	3,	-2.37899518013,	0.126570507884,	2.9021217823,	-20.9014148712,	-11.3467702866,	-29.5608825684,	-0.153865784407,	0.354766309261,	0.195345073938,	1.36238789558,	-1.80224001408,	3.5778427124
1.86933088303,	3,	-2.31086301804,	0.197272151709,	2.88370990753,	-21.6285171509,	-10.8403196335,	-29.3326740265,	-0.122000090778,	0.349690973759,	0.173946857452,	1.06068015099,	-2.00497484207,	3.14895987511
1.88161802292,	3,	-2.24551033974,	0.266614735126,	2.87824845314,	-22.7913799286,	-10.4386453629,	-28.7446231842,	-0.0778433382511,	0.331927269697,	0.156690225005,	0.759504437447,	-2.12044334412,	2.69560003281
1.89366102219,	3,	-2.18161559105,	0.33353176713,	2.88405203819,	-23.7216701508,	-10.1173057556,	-28.2741832733,	-0.0409701801836,	0.326851934195,	0.140123859048,	0.474292129278,	-2.15290212631,	2.28268074989
1.90603995323,	3,	-2.11811351776,	0.396410644054,	2.89921355247,	-24.9014110565,	-9.45979976654,	-27.6302947998,	-0.0152500113472,	0.312640964985,	0.12217695266,	0.210896417499,	-2.11991119385,	1.92137646675
1.91731095314,	3,	-2.0537276268,	0.457705050707,	2.92656350136,	-25.8452033997,	-8.93379497528,	-27.1151847839,	0.0539359599352,	0.297414958477,	0.102849528193,	-0.0338753536344,	-2.03158068657,	1.60742998123
1.93007588387,	3,	-1.98862183094,	0.51818048954,	2.96715378761,	-26.8907165527,	-8.3809595108,	-26.4337215424,	0.137291535735,	0.271530717611,	0.0911150202155,	-0.256298393011,	-1.90068089962,	1.34563064575
1.94130897522,	3,	-2.04100704193,	0.502734065056,	2.95451021194,	-27.7271270752,	-7.93869113922,	-25.888551712,	0.203975990415,	0.255289614201,	0.0779999792576,	-0.45424425602,	-1.73891866207,	1.13225352764
1.95441508293,	3,	-2.0919110775,	0.48419496417,	2.94054198265,	-28.9771385193,	-7.31785678864,	-25.3190498352,	0.230453640223,	0.229912921786,	0.069026529789,	-0.626648724079,	-1.56385362148,	0.969959139824
1.9650759697,	3,	-2.14242482185,	0.463662743568,	2.92681241035,	-29.977148056,	-6.82118940353,	-24.8634471893,	0.220647111535,	0.206058830023,	0.0503893643618,	-0.775108158588,	-1.38027477264,	0.826288759708
1.9778149128,	3,	-2.19105887413,	0.439857304096,	2.91189813614,	-30.631980896,	-6.42766571045,	-23.9584827423,	0.227511689067,	0.171038970351,	0.0503893643618,	-0.896429777145,	-1.19722807407,	0.684214711189
1.98916006088,	3,	-2.23389387131,	0.41263115406,	2.89882421494,	-31.1558456421,	-6.11284685135,	-23.2345123291,	0.264776527882,	0.150230079889,	0.0352035276592,	-0.988485276699,	-1.02003467083,	0.546397566795
2.00157308578,	3,	-2.27384114265,	0.383406877518,	2.8867328167,	-31.865316391,	-5.72501754761,	-22.9264698029,	0.258892595768,	0.125360906124,	0.0234690196812,	-1.05606365204,	-0.840712666512,	0.446360379457
2.01314401627,	3,	-2.3138730526,	0.352746635675,	2.8746984005,	-32.4328918457,	-5.41475439072,	-22.6800346375,	0.226531028748,	0.110134892166,	0.0186371617019,	-1.10661435127,	-0.664051353931,	0.350580126047
2.02588891983,	3,	-2.35292935371,	0.320760130882,	2.86323285103,	-32.8868789673,	-5.03424787521,	-22.2135639191,	0.198092073202,	0.092878729105,	0.0124247753993,	-1.14013743401,	-0.502821207047,	0.259588867426
2.0371940136,	3,	-2.39062285423,	0.287213504314,	2.85227847099,	-33.2500686646,	-4.72984266281,	-21.8403873444,	0.167691797018,	0.0740999728441,	0.0110442442819,	-1.15716505051,	-0.358086615801,	0.170726105571
2.04958486557,	3,	-2.42810511589,	0.253060221672,	2.84196281433,	-33.8307037354,	-3.95049953461,	-21.4103946686,	0.11669780314,	0.0527835413814,	0.00552212214097,	-1.15982556343,	-0.233572274446,	0.0770742893219
2.06126594543,	3,	-2.4630343914,	0.217560216784,	2.83269286156,	-34.295211792,	-3.32702493668,	-21.066400528,	0.0882588401437,	0.0350198484957,	0.00414159148932,	-1.14865124226,	-0.127149760723,	-0.020302310586
2.07357692719,	3,	-2.48989534378,	0.181815207005,	2.82719731331,	-34.8122444153,	-2.96363043785,	-20.6551208496,	0.0706070736051,	0.0162410903722,	-0.00310661876574,	-1.11938500404,	-0.0446723103523,	-0.0995870754123
2.08643698692,	3,	-2.50996851921,	0.147713199258,	2.82529640198,	-35.2258682251,	-2.67291474342,	-20.3260974884,	0.0500133447349,	0.0035527383443,	-0.00776654714718,	-1.07734811306,	0.027694998309,	-0.173018604517
2.09728193283,	3,	-2.50574064255,	0.133527070284,	2.82746624947,	-35.2659416199,	-2.17055773735,	-20.1999206543,	0.0205937307328,	-0.0519814230502,	-0.00465992838144,	-1.02626526356,	0.0920806154609,	-0.247514367104
2.10907387733,	3,	-2.50155186653,	0.124482758343,	2.82749295235,	-35.2980003357,	-1.76867210865,	-20.0989780426,	0.00686457660049,	-0.0842457562685,	-0.0132031301036,	-0.965072333813,	0.139970749617,	-0.311367899179
2.12160897255,	3,	-2.49573802948,	0.117085680366,	2.82654976845,	-35.3236236572,	-1.44617795944,	-20.1533508301,	-0.00523507827893,	-0.121887475252,	-0.0147564392537,	-0.893237113953,	0.176686525345,	-0.362982809544
2.13326597214,	3,	-2.48884367943,	0.110730402172,	2.82499194145,	-35.3441238403,	-1.1881827116,	-20.196849823,	-0.0118358293548,	-0.0950005352497,	-0.0108731659129,	-0.811823904514,	0.201695799828,	-0.407680243254
2.14561295509,	3,	-2.48330593109,	0.105865865946,	2.82301020622,	-35.5055541992,	-0.713384211063,	-20.2334861755,	-0.0204850900918,	-0.0967929959297,	-0.0225229859352,	-0.73094278574,	0.214466512203,	-0.446524471045
2.15701198578,	3,	-2.4799695015,	0.106321513653,	2.81905460358,	-35.6346969604,	-0.333545416594,	-20.2627944946,	-0.0254925563931,	-0.0448115728796,	-0.0194163676351,	-0.652722239494,	0.215530723333,	-0.491754055023
2.16959095001,	3,	-2.47156596184,	0.108152121305,	2.81312394142,	-35.7382316589,	-0.297223210335,	-20.419506073,	-0.0318656936288,	-0.0448115728796,	-0.00931985676289,	-0.582483410835,	0.200631588697,	-0.522616565228
2.18116593361,	3,	-2.46559500694,	0.120290204883,	2.79739141464,	-35.8210601807,	-0.268165439367,	-20.5448760986,	-0.0393768958747,	-0.0125472405925,	-0.0147564392537,	-0.522886812687,	0.167640596628,	-0.53911203146
2.19355297089,	3,	-2.44892978668,	0.13259921968,	2.77471137047,	-35.7415504456,	0.292281955481,	-20.6489219666,	-0.0468880943954,	-0.0071698515676,	-0.0069898921065,	-0.469675540924,	0.126135826111,	-0.560396552086
2.20478391647,	3,	-2.42240047455,	0.145471930504,	2.74436378479,	-35.6779441833,	0.740639865398,	-20.7321586609,	-0.0489366017282,	0.00609040865675,	-0.0069898921065,	-0.41912484169,	0.0707961171865,	-0.573699355125
2.21759796143,	3,	-2.3917992115,	0.158676892519,	2.71198487282,	-35.4824523926,	0.426150918007,	-20.5238628387,	-0.0516679473221,	0.0116732828319,	-0.00931985676289,	-0.373895257711,	0.0064104963094,	-0.575295686722
2.2288839817,	3,	-2.35878992081,	0.172923758626,	2.68027734756,	-35.3260574341,	0.174559757113,	-20.3572254181,	-0.0523507855833,	0.015226021409,	-0.00931985676289,	-0.329197824001,	-0.061699911952,	-0.566781938076
2.24107909203,	3,	-2.33772182465,	0.18899230659,	2.65481281281,	-35.2005729675,	0.376088529825,	-20.2267112732,	-0.0537164583802,	0.00203013629653,	-0.0116498209536,	-0.285032480955,	-0.134067207575,	-0.562525033951
2.25267696381,	3,	-2.31082010269,	0.205635800958,	2.62649679184,	-35.1001853943,	0.537311553955,	-20.1222991943,	-0.0550821274519,	0.00913561321795,	-0.012426475063,	-0.240335017443,	-0.208562970161,	-0.553479075432
2.26661705971,	3,	-2.28231835365,	0.223523020744,	2.60193800926,	-35.165271759,	0.531890511513,	-20.0378131866,	-0.053261231631,	0.0106582148001,	-0.0069898921065,	-0.195105448365,	-0.280930280685,	-0.541240513325
2.27667689323,	3,	-2.25401639938,	0.242130130529,	2.57665467262,	-35.2173423767,	0.527553677559,	-19.9702243805,	-0.05485451594,	0.0111657492816,	-0.0108731659129,	-0.15200433135,	-0.353297591209,	-0.524745047092
2.28958106041,	3,	-2.22634506226,	0.260616391897,	2.54871940613,	-35.2592201233,	0.256535410881,	-20.0494174957,	-0.0523507855833,	0.00913561321795,	-0.0170864034444,	-0.109967447817,	-0.421940118074,	-0.522616565228
2.30073094368,	3,	-2.18827342987,	0.279435127974,	2.51864218712,	-35.2927246094,	0.0397207885981,	-20.1127719879,	-0.0512127242982,	0.0197938270867,	-0.0209696777165,	-0.0695268958807,	-0.485793590546,	-0.520488142967
2.31300187111,	3,	-2.15456676483,	0.299119561911,	2.49140739441,	-35.1741790771,	-0.001302766148,	-19.8941574097,	-0.0516679473221,	0.015226021409,	-0.0186397135258,	-0.0312147922814,	-0.549647152424,	-0.509313762188
2.32482409477,	3,	-2.11548852921,	0.320476233959,	2.46599459648,	-35.0793418884,	-0.0341216102242,	-19.7192668915,	-0.053261231631,	0.0238541010767,	-0.0209696777165,	0.00550097413361,	-0.615096986294,	-0.489625602961
2.33696389198,	3,	-2.07828593254,	0.342459201813,	2.44434523582,	-35.5847511292,	-0.197144061327,	-19.3080673218,	-0.0525783970952,	0.021823965013,	-0.0163097493351,	0.0411525145173,	-0.679482579231,	-0.475258558989
2.34899306297,	3,	-2.11269617081,	0.320081502199,	2.4861330986,	-35.9890785217,	-0.32756203413,	-18.9791069031,	-0.0523507855833,	0.0345123149455,	-0.0256296042353,	0.074675604701,	-0.744932413101,	-0.467808961868
2.36127996445,	3,	-2.14246702194,	0.304325401783,	2.53442835808,	-36.4580116272,	-0.698591828346,	-18.9843044281,	-0.0505298860371,	0.0167486239225,	-0.0256296042353,	0.108198702335,	-0.807721734047,	-0.456634610891
2.37292790413,	3,	-2.1722638607,	0.291426569223,	2.57863473892,	-36.8331604004,	-0.995415627956,	-18.9884624481,	-0.0475709289312,	0.0223314985633,	-0.0271829143167,	0.140125453472,	-0.87157523632,	-0.440139114857
2.38501286507,	3,	-2.20313191414,	0.279026508331,	2.62176895142,	-36.8428764343,	-1.36786305904,	-18.8557815552,	-0.0464328676462,	0.0263917706907,	-0.0248529501259,	0.170987978578,	-0.932236075401,	-0.424175739288
2.39649105072,	3,	-2.23262381554,	0.269430905581,	2.66100549698,	-36.8506469727,	-1.66582107544,	-18.7496356964,	-0.0439291372895,	0.0319746434689,	-0.0302895326167,	0.197593614459,	-0.984383106232,	-0.417790383101
2.40906000137,	3,	-2.26066660881,	0.262553751469,	2.69897317886,	-36.8566665649,	-1.63762426376,	-18.3963279724,	-0.0437015257776,	0.0329897142947,	-0.0333961509168,	0.224731341004,	-1.03333747387,	-0.41672617197
2.42086291313,	3,	-2.29086375237,	0.255251556635,	2.73772573471,	-36.8614845276,	-1.61506688595,	-18.1136817932,	-0.0432462990284,	0.0350198484957,	-0.0256296042353,	0.247612178326,	-1.07856702805,	-0.425239980221
2.43308186531,	3,	-2.32100439072,	0.249113962054,	2.77432441711,	-37.156162262,	-1.86680555344,	-17.7505245209,	-0.0441567488015,	0.0426328592002,	-0.027959568426,	0.268364578485,	-1.12220025063,	-0.441203355789
2.44496893883,	3,	-2.34694647789,	0.247164830565,	2.80937933922,	-37.3919067383,	-2.06819653511,	-17.4599990845,	-0.0432462990284,	0.0395876541734,	-0.0380560792983,	0.286456406116,	-1.16796195507,	-0.454506158829
2.45676994324,	3,	-2.3742249012,	0.245621368289,	2.84436678886,	-37.870929718,	-2.09530639648,	-17.2284584045,	-0.0430186875165,	0.0426328592002,	-0.0326194986701,	0.304016113281,	-1.21106302738,	-0.458763062954
2.46887302399,	3,	-2.4016122818,	0.244603648782,	2.8770737648,	-38.2541465759,	-2.11699438095,	-17.0432262421,	-0.0421082377434,	0.0512609407306,	-0.0349494628608,	0.320511609316,	-1.25363206863,	-0.458763062954
2.48075604439,	3,	-2.42875909805,	0.244561895728,	2.90809798241,	-38.561416626,	-2.80863761902,	-16.4850025177,	-0.0400597304106,	0.0558287464082,	-0.0357261151075,	0.335410743952,	-1.29354047775,	-0.45929518342
2.49262690544,	3,	-2.45594859123,	0.245963305235,	2.93849539757,	-38.8072319031,	-3.36195230484,	-16.0384235382,	-0.0405149534345,	0.0578588806093,	-0.0341728068888,	0.344988793135,	-1.33398103714,	-0.448120802641
2.5051240921,	3,	-2.48392534256,	0.248711004853,	2.96840238571,	-39.4397125244,	-3.80500054359,	-15.6810836792,	-0.0423358529806,	0.0614116191864,	-0.0302895326167,	0.353502571583,	-1.37708210945,	-0.435350120068
2.51684188843,	3,	-2.50988984108,	0.25365254283,	2.99742293358,	-39.9456977844,	-4.15943908691,	-15.3952112198,	-0.0400597304106,	0.057351347059,	-0.0333961509168,	0.361484259367,	-1.4196511507,	-0.422579407692
2.52915596962,	3,	-2.53521943092,	0.259771049023,	3.02457594872,	-40.4955635071,	-4.17655944824,	-14.8980979919,	-0.0391492806375,	0.0629342198372,	-0.0365027710795,	0.367869615555,	-1.46488070488,	-0.407680243254
2.54033207893,	3,	-2.55987477303,	0.267562448978,	3.05118083954,	-40.935459137,	-4.19025564194,	-14.5004072189,	-0.0384664461017,	0.0603965520859,	-0.0349494628608,	0.374787092209,	-1.50744974613,	-0.401827007532
2.55267906189,	3,	-2.58494663239,	0.275836974382,	3.07567167282,	-41.578125,	-4.33870124817,	-13.7758903503,	-0.0375559963286,	0.0700396969914,	-0.0357261151075,	0.38064032793,	-1.54416549206,	-0.395441681147
2.56462907791,	3,	-2.60977721214,	0.285273790359,	3.09917116165,	-42.0922584534,	-4.45745754242,	-13.1962766647,	-0.0368731617928,	0.0705472305417,	-0.0341728068888,	0.38542932272,	-1.57556009293,	-0.394377440214
2.57699298859,	3,	-2.63350462914,	0.295503944159,	3.12117743492,	-42.2132873535,	-4.82171821594,	-12.5956478119,	-0.0343694277108,	0.0715622976422,	-0.0372794270515,	0.384897232056,	-1.60535848141,	-0.392781108618
2.59015202522,	3,	-2.65696382523,	0.306779950857,	-3.14066982269,	-42.3101081848,	-5.11312675476,	-12.1151447296,	-0.0350522622466,	0.0725773721933,	-0.0365027710795,	0.381704539061,	-1.63462460041,	-0.395441681147
2.60077691078,	3,	-2.68071937561,	0.319113850594,	-3.12004113197,	-42.6781959534,	-5.34947490692,	-11.3253097534,	-0.0359627120197,	0.0740999728441,	-0.0333961509168,	0.374787092209,	-1.66069817543,	-0.40714815259
2.61244702339,	3,	-2.70534181595,	0.331493020058,	-3.10129022598,	-42.9726638794,	-5.53855371475,	-10.693441391,	-0.0345970392227,	0.0852657184005,	-0.0326194986701,	0.362548500299,	-1.68623948097,	-0.419918835163
2.62504196167,	3,	-2.72833395004,	0.34513425827,	-3.0830206871,	-43.0633125305,	-5.96216154099,	-9.64560222626,	-0.0332313664258,	0.0766376405954,	-0.0341728068888,	0.351374149323,	-1.70858824253,	-0.436414331198
2.63657093048,	3,	-2.75051259995,	0.359808474779,	-3.06514263153,	-43.1358299255,	-6.30104780197,	-8.80733108521,	-0.0332313664258,	0.0725773721933,	-0.0333961509168,	0.341264009476,	-1.72934067249,	-0.459827274084
2.6490778923,	3,	-2.77106833458,	0.375232189894,	-3.04801678658,	-43.3391685486,	-6.57426023483,	-7.86643505096,	-0.0309552457184,	0.0659794285893,	-0.0349494628608,	0.332750201225,	-1.74743247032,	-0.478983342648
2.66012096405,	3,	-2.79163885117,	0.390728741884,	-3.03222227097,	-43.5018424988,	-6.79282999039,	-7.11371803284,	-0.031182859093,	0.0735924392939,	-0.0372794270515,	0.327429056168,	-1.76286375523,	-0.496543049812
2.67275094986,	3,	-2.8109536171,	0.406589627266,	-3.01729083061,	-43.777431488,	-7.10405683517,	-6.24033308029,	-0.029817186296,	0.071054764092,	-0.0396093912423,	0.324236392975,	-1.77669870853,	-0.514102756977
2.68424391747,	3,	-2.83049559593,	0.423101186752,	-3.00308394432,	-43.9979057312,	-7.353038311,	-5.54162549973,	-0.0327761434019,	0.077652707696,	-0.0396093912423,	0.323704272509,	-1.79212987423,	-0.526873469353
2.69649100304,	3,	-2.84928560257,	0.440165579319,	-2.98983812332,	-44.029006958,	-7.42275238037,	-4.30798149109,	-0.031182859093,	0.0735924392939,	-0.0388327352703,	0.323172181845,	-1.80596482754,	-0.539644181728
2.70840597153,	3,	-2.86751723289,	0.458208858967,	-2.97709393501,	-44.0538902283,	-7.47852325439,	-3.32106637955,	-0.0332313664258,	0.0720698386431,	-0.0380560792983,	0.318383157253,	-1.82139611244,	-0.546029508114
2.72060608864,	3,	-2.88438725471,	0.475793927908,	-2.96576285362,	-44.219493866,	-7.92804527283,	-2.2584605217,	-0.032320920378,	0.077652707696,	-0.0473759360611,	0.316786825657,	-1.83842372894,	-0.552946984768
2.73237705231,	3,	-2.90054440498,	0.494324684143,	-2.95470547676,	-44.351978302,	-8.28766345978,	-1.40837585926,	-0.0334589779377,	0.071054764092,	-0.0442693196237,	0.311997801065,	-1.85172653198,	-0.552414894104
2.74451899529,	3,	-2.91797280312,	0.513256490231,	-2.94505858421,	-44.6034164429,	-8.71172809601,	-0.457097381353,	-0.0352798774838,	0.0801903828979,	-0.0427160076797,	0.305080354214,	-1.86768996716,	-0.546561658382
2.75634789467,	3,	-2.93353486061,	0.532569348812,	-2.93585658073,	-44.8045654297,	-9.05097961426,	0.303925395012,	-0.0373283848166,	0.0766376405954,	-0.0489292442799,	0.297630757093,	-1.88631379604,	-0.531662464142
2.76880502701,	3,	-2.95099854469,	0.552841484547,	-2.92788505554,	-45.1110610962,	-9.59301948547,	1.18488609791,	-0.0411977916956,	0.0867883190513,	-0.0434926636517,	0.290713310242,	-1.91185522079,	-0.52368080616
2.78000307083,	3,	-2.96777296066,	0.574494481087,	-2.91986298561,	-45.3562583923,	-10.0266513824,	1.88965463638,	-0.0434739105403,	0.077652707696,	-0.0388327352703,	0.28486007452,	-1.94005727768,	-0.516231238842
2.79240894318,	3,	-2.98461055756,	0.596291005611,	-2.91328263283,	-45.2618141174,	-10.24198246,	2.85786747932,	-0.0430186875165,	0.0806979164481,	-0.040386043489,	0.281667381525,	-1.9751765728,	-0.506121098995
2.80441904068,	3,	-3.00053858757,	0.619577825069,	-2.90678954124,	-45.1862602234,	-10.4142465591,	3.63243770599,	-0.0448395833373,	0.071054764092,	-0.0365027710795,	0.280603170395,	-2.0140209198,	-0.484836578369
2.81664800644,	3,	-3.01633358002,	0.643714189529,	-2.90140533447,	-45.2714385986,	-10.8246669769,	4.79449033737,	-0.0480261556804,	0.0725773721933,	-0.0372794270515,	0.279006838799,	-2.05765414238,	-0.456102490425
2.82844495773,	3,	-3.03178143501,	0.668135285378,	-2.89741325378,	-45.3395843506,	-11.1530036926,	5.72413253784,	-0.0468880943954,	0.0705472305417,	-0.0388327352703,	0.280071049929,	-2.10873699188,	-0.422579407692
2.84065890312,	3,	-3.04635429382,	0.69238781929,	-2.89471912384,	-45.2492446899,	-11.8203134537,	6.74086856842,	-0.0471157059073,	0.0705472305417,	-0.0450459718704,	0.280603170395,	-2.15875554085,	-0.386927872896
2.8522670269,	3,	-3.06289625168,	0.717105746269,	-2.89417815208,	-45.1769752502,	-12.3541612625,	7.55425739288,	-0.0473433174193,	0.0766376405954,	-0.041939355433,	0.280603170395,	-2.20877408981,	-0.352872669697
2.864579916,	3,	-3.08010482788,	0.742252111435,	-2.89550209045,	-44.828212738,	-12.2478494644,	8.74169921875,	-0.0482537671924,	0.0791753083467,	-0.0427160076797,	0.278474718332,	-2.26038908958,	-0.322542250156
2.87586808205,	3,	-3.09699511528,	0.767882049084,	-2.89795017242,	-44.5492019653,	-12.1627998352,	9.69165325165,	-0.0477985404432,	0.0735924392939,	-0.0427160076797,	0.274749934673,	-2.31147170067,	-0.293808162212
2.89010190964,	3,	-3.11608099937,	0.794417917728,	-2.90252733231,	-44.3264160156,	-12.4995326996,	10.7246646881,	-0.0471157059073,	0.0740999728441,	-0.0357261151075,	0.268896698952,	-2.36095833778,	-0.271991550922
2.90004897118,	3,	-3.13765382767,	0.821680963039,	-2.90939426422,	-44.14818573,	-12.7689189911,	11.551074028,	-0.0493918284774,	0.0801903828979,	-0.0310661885887,	0.257722318172,	-2.40618777275,	-0.259752959013
2.91221499443,	3,	3.124740839,	0.847508788109,	-2.9180431366,	-44.0056037903,	-12.8550891876,	12.8869037628,	-0.0480261556804,	0.0832355841994,	-0.0434926636517,	0.246547967196,	-2.45194959641,	-0.250707060099
2.92398500443,	3,	3.10257101059,	0.873647391796,	-2.92869496346,	-43.8915405273,	-12.9240255356,	13.9555673599,	-0.0477985404432,	0.0822205170989,	-0.041162699461,	0.236969932914,	-2.49451851845,	-0.237936332822
2.93629288673,	3,	3.07754707336,	0.901385724545,	-2.94169688225,	-43.6549377441,	-12.8467464447,	15.0797958374,	-0.0473433174193,	0.0761301070452,	-0.028736224398,	0.225263461471,	-2.5354912281,	-0.228358313441
2.94821095467,	3,	3.05372071266,	0.9268450737,	-2.95627737045,	-43.4656562805,	-12.7849235535,	15.9791784286,	-0.0475709289312,	0.0817129835486,	-0.0465992838144,	0.21196064353,	-2.57699584961,	-0.215055495501
2.96014308929,	3,	3.02920937538,	0.953060090542,	-2.97224283218,	-43.1691818237,	-12.8735427856,	17.2400989532,	-0.0462052561343,	0.0700396969914,	-0.040386043489,	0.200254172087,	-2.61796855927,	-0.201752692461
2.97176408768,	3,	3.00433206558,	0.979158520699,	-2.98967218399,	-42.9320030212,	-12.9444379807,	18.24883461,	-0.0468880943954,	0.0659794285893,	-0.041939355433,	0.189611911774,	-2.65840911865,	-0.187917754054
2.98445296288,	3,	2.97643327713,	1.00460147858,	-3.01082491875,	-42.306804657,	-13.2742204666,	19.7332439423,	-0.0455224215984,	0.0695321634412,	-0.0427160076797,	0.183758676052,	-2.69565701485,	-0.174082830548
2.99607801437,	3,	2.94510054588,	1.03054428101,	-3.03551745415,	-41.8066444397,	-13.5380458832,	20.9207725525,	-0.0452948100865,	0.0675020292401,	-0.0365027710795,	0.178969666362,	-2.73237276077,	-0.163972690701
3.00854301453,	3,	2.91323447227,	1.05534219742,	-3.06234765053,	-41.2611923218,	-13.6176643372,	22.2752189636,	-0.0468880943954,	0.0680095627904,	-0.0442693196237,	0.174180656672,	-2.7690885067,	-0.151201993227
3.01990294456,	3,	2.87736487389,	1.0791478157,	-3.09372425079,	-40.8248291016,	-13.6813592911,	23.3587760925,	-0.0427910760045,	0.0675020292401,	-0.0427160076797,	0.165134742856,	-2.80261158943,	-0.140559747815
3.03306603432,	3,	2.84034061432,	1.10250222683,	-3.12733840942,	-40.0400123596,	-13.7358608246,	24.7660522461,	-0.0427910760045,	0.0619191527367,	-0.0434926636517,	0.158749386668,	-2.83613467216,	-0.138431295753
3.0447409153,	3,	2.80108833313,	1.12467336655,	3.1190495491,	-39.4121589661,	-13.7794618607,	25.891872406,	-0.0421082377434,	0.0609040856361,	-0.0465992838144,	0.153960376978,	-2.86433672905,	-0.131513834
3.05599308014,	3,	2.76136565208,	1.14679002762,	3.08077549934,	-38.9101028442,	-13.9525527954,	27.3339691162,	-0.0384664461017,	0.0466931313276,	-0.040386043489,	0.154492497444,	-2.88881397247,	-0.127256929874
3.06787586212,	3,	2.71479010582,	1.16756165028,	3.03554606438,	-38.5084571838,	-14.0910253525,	28.4876461029,	-0.0400597304106,	0.0558287464082,	-0.0427160076797,	0.153960376978,	-2.90956640244,	-0.129385381937
3.08042407036,	3,	2.66941642761,	1.18642139435,	2.98988080025,	-37.6060142517,	-14.0709495544,	29.9500617981,	-0.0377836078405,	0.0492308028042,	-0.0489292442799,	0.157685160637,	-2.92978644371,	-0.126724809408
3.09172105789,	3,	2.61359786987,	1.20475387573,	2.93397498131,	-36.884059906,	-14.0548887253,	31.1199951172,	-0.0380112230778,	0.0537986084819,	-0.041939355433,	0.162474185228,	-2.95053887367,	-0.109165102243
3.10423207283,	3,	2.55981993675,	1.22111201286,	2.87855243683,	-36.3066940308,	-14.1792650223,	32.4622535706,	-0.0364179350436,	0.0456780642271,	-0.0481525920331,	0.166731074452,	-2.96969509125,	-0.0846879258752
3.11586809158,	3,	2.50162982941,	1.23780858517,	2.81830883026,	-35.8448028564,	-14.2787656784,	33.5360603333,	-0.0355074889958,	0.0360349193215,	-0.0388327352703,	0.173648536205,	-2.9888510704,	-0.0596786402166
3.12831902504,	3,	2.43166446686,	1.25195705891,	2.74629092216,	-34.603805542,	-14.4938116074,	34.6661376953,	-0.0336865931749,	0.04212532565,	-0.0365027710795,	0.181630223989,	-3.00375032425,	-0.0410546995699
3.1395778656,	3,	2.36546349525,	1.2638463974,	2.67673373222,	-33.6110076904,	-14.6658477783,	35.5701980591,	-0.0302724093199,	0.0345123149455,	-0.040386043489,	0.192272484303,	-3.01492452621,	-0.0314766727388
3.1519510746,	3,	2.29471635818,	1.27376425266,	2.6020219326,	-32.3806190491,	-14.4022502899,	36.5608291626,	-0.029817186296,	0.0350198484957,	-0.040386043489,	0.205575302243,	-3.01971364021,	-0.0261555481702
3.1635658741,	3,	2.21308374405,	1.28231418133,	2.51643800735,	-31.3963088989,	-14.1913719177,	37.3533325195,	-0.0291343498975,	0.0345123149455,	-0.0318428426981,	0.22047445178,	-3.02184200287,	-0.0256234351546
3.17598605156,	3,	2.14482307434,	1.28808295727,	2.44256138802,	-30.1732826233,	-14.1614685059,	38.6638259888,	-0.0243544951081,	0.0279143732041,	-0.040386043489,	0.238034158945,	-3.01811718941,	-0.0234949849546
3.18793296814,	3,	2.08951640129,	1.29392182827,	2.3807656765,	-29.1948623657,	-14.1375455856,	39.712223053,	-0.0229888223112,	0.0197938270867,	-0.0458226278424,	0.261447101831,	-3.01173186302,	-0.0197701975703
3.20003294945,	3,	2.0259885788,	1.29616439342,	2.31028819084,	-27.6859455109,	-14.2549705505,	40.9571228027,	-0.0186641924083,	0.0228390321136,	-0.0380560792983,	0.286456406116,	-3.0042822361,	-0.0112563967705
3.21178603172,	3,	1.96320867538,	1.29705500603,	2.24001955986,	-26.478811264,	-14.3489103317,	41.9530448914,	-0.0182089675218,	0.021823965013,	-0.0365027710795,	0.314658373594,	-2.9936401844,	0.000982192577794
3.22394895554,	3,	1.90317928791,	1.29724097252,	2.17189192772,	-24.9318008423,	-14.1569700241,	43.0180702209,	-0.0170709080994,	0.0187787599862,	-0.0333961509168,	0.342328220606,	-2.97980523109,	0.000450080027804
3.23570108414,	3,	1.84503948689,	1.29093253613,	2.103951931,	-23.6941928864,	-14.0034179688,	43.8700904846,	-0.00910448376089,	0.0238541010767,	-0.0326194986701,	0.364676952362,	-2.95213532448,	-0.0234949849546
3.24817991257,	3,	1.7971559763,	1.27898406982,	2.04320693016,	-22.1228046417,	-13.6134843826,	44.8199958801,	-0.0,	0.024361634627,	-0.0341728068888,	0.387557774782,	-2.91382312775,	-0.0522290617228
3.25941491127,	3,	1.71872401237,	1.25091278553,	1.94302618504,	-20.865694046,	-13.3015375137,	45.5799179077,	0.0196130760014,	0.0299445092678,	-0.0310661885887,	0.413099199533,	-2.86220836639,	-0.0740456730127
3.27215003967,	3,	1.61158716679,	1.20982837677,	1.81185436249,	-18.9886951447,	-13.4530029297,	46.0553703308,	0.0480520352721,	0.0279143732041,	-0.027959568426,	0.43757635355,	-2.80154752731,	-0.108100876212
3.2837240696,	3,	1.52341783047,	1.16458702087,	1.70423674583,	-17.4870948792,	-13.574174881,	46.4357337952,	0.0784523040056,	0.0375575199723,	-0.0217463318259,	0.459925085306,	-2.72811579704,	-0.141623973846
3.29575109482,	3,	1.45288538933,	1.11535739899,	1.61626446247,	-15.8493928909,	-13.0003652573,	46.8704185486,	0.113755844533,	0.0370499864221,	-0.0170864034444,	0.479613244534,	-2.64191365242,	-0.174614951015
3.3075940609,	3,	1.40224015713,	1.06643009186,	1.54811489582,	-14.5392313004,	-12.5413179398,	47.2181663513,	0.14121414721,	0.0522760078311,	-0.0178630575538,	0.497172951698,	-2.54028010368,	-0.199624240398
3.31979608536,	3,	1.36400175095,	1.01702773571,	1.49279952049,	-13.0555973053,	-12.4451742172,	47.9035301208,	0.176517680287,	0.0568438135087,	-0.0155330942944,	0.51153999567,	-2.4210870266,	-0.232615217566
3.33156991005,	3,	1.33652305603,	0.970175206661,	1.44900214672,	-11.868689537,	-12.3682594299,	48.4518203735,	0.175537034869,	0.071054764092,	-0.0069898921065,	0.517393231392,	-2.29018735886,	-0.271991550922
3.34403204918,	3,	1.31637144089,	0.925398647785,	1.41293978691,	-10.1927566528,	-12.3050813675,	48.7551994324,	0.180440306664,	0.0796828493476,	-0.00232996419072,	0.515796899796,	-2.15609502792,	-0.324670702219
3.3557100296,	3,	1.30224061012,	0.883124649525,	1.38266086578,	-8.85201072693,	-12.2545385361,	48.9979019165,	0.192208141088,	0.0938937962055,	-0.00388327357359,	0.506751000881,	-2.02413105965,	-0.390652656555
3.36765098572,	3,	1.29164910316,	0.842401444912,	1.35740113258,	-7.3432393074,	-11.8118915558,	49.3243179321,	0.214763179421,	0.10150680691,	0.00759291788563,	0.48972338438,	-1.88365328312,	-0.448120802641
3.37957596779,	3,	1.28483235836,	0.803698956966,	1.33627903461,	-6.13622236252,	-11.4577741623,	49.5854530334,	0.231434300542,	0.113687627017,	0.00759291788563,	0.461521446705,	-1.73891866207,	-0.496010929346
3.39325594902,	3,	1.28007996082,	0.766464948654,	1.31878519058,	-4.88032865524,	-11.4437360764,	49.9312973022,	0.248105421662,	0.120793104172,	0.0186371617019,	0.426402002573,	-1.5915235281,	-0.522616565228
3.40340805054,	3,	1.27768373489,	0.730286955833,	1.30435776711,	-3.87561392784,	-11.4325056076,	50.2079734802,	0.263795882463,	0.122315704823,	0.0186371617019,	0.387557774782,	-1.44146776199,	-0.542836844921
3.41558289528,	3,	1.27744925022,	0.695275902748,	1.29270243645,	-2.49029040337,	-11.0172338486,	50.0210380554,	0.275563716888,	0.122315704823,	0.0158761013299,	0.348713576794,	-1.28715515137,	-0.566249787807
3.42758798599,	3,	1.27889180183,	0.661771118641,	1.28374457359,	-1.38203144073,	-10.6850166321,	49.8714904785,	0.293215483427,	0.127898573875,	0.0165663659573,	0.307208806276,	-1.12113595009,	-0.597112298012
3.43949389458,	3,	1.2815489769,	0.630011022091,	1.27740907669,	-0.495474934578,	-10.4212141037,	50.0221061707,	0.303022027016,	0.133481457829,	0.0200176928192,	0.261979222298,	-0.948731541634,	-0.630103290081
3.45507001877,	3,	1.28512537479,	0.600681722164,	1.27340865135,	0.213770270348,	-10.2101716995,	50.1425971985,	0.294196158648,	0.141601994634,	0.0213982239366,	0.210896417499,	-0.772602260113,	-0.673736512661
3.46365904808,	3,	1.28894412518,	0.572848916054,	1.27160418034,	1.36239516735,	-9.90654182434,	50.2379570007,	0.298118770123,	0.141094461083,	0.0283008757979,	0.155024603009,	-0.606051027775,	-0.71311289072
3.47552800179,	3,	1.29308593273,	0.546513557434,	1.27180206776,	2.28129506111,	-9.66363811493,	50.3142433167,	0.322635114193,	0.155812948942,	0.0324424691498,	0.0948958843946,	-0.441096156836,	-0.733333110809
3.48736596107,	3,	1.29735267162,	0.521166622639,	1.27424752712,	2.87126255035,	-9.33517932892,	50.3743667603,	0.305963993073,	0.145154744387,	0.0352035276592,	0.0315744876862,	-0.271352261305,	-0.735461592674
3.4992620945,	3,	1.30098176003,	0.498339861631,	1.27860879898,	3.34323644638,	-9.07241249084,	50.4224662781,	0.272621750832,	0.153275281191,	0.0448672436178,	-0.0296184532344,	-0.107461594045,	-0.742911159992
3.5125939846,	3,	1.30427026749,	0.476539194584,	1.28484857082,	3.72096467018,	-8.72694683075,	50.324886322,	0.253008693457,	0.140586927533,	0.0469380393624,	-0.092407733202,	0.046318937093,	-0.757810294628
3.52329993248,	3,	1.30737686157,	0.456616640091,	1.29235708714,	4.02314710617,	-8.4505739212,	50.2468223572,	0.234376266599,	0.146169811487,	0.0434867143631,	-0.15572912991,	0.185200303793,	-0.762067198753
3.53581786156,	3,	1.30848360062,	0.4384970963,	1.30130267143,	4.40989685059,	-8.49886322021,	50.3213348389,	0.192208141088,	0.13398899138,	0.0566017515957,	-0.217986300588,	0.312375217676,	-0.755149781704
3.54780197144,	3,	1.30858635902,	0.42485678196,	1.31041836739,	4.71929645538,	-8.53749465942,	50.380947113,	0.126504346728,	0.130436256528,	0.0469380393624,	-0.277050793171,	0.424650967121,	-0.759938776493
3.5597679615,	3,	1.30502462387,	0.41717094183,	1.31933581829,	4.82193613052,	-8.16474533081,	50.2907409668,	0.0715877264738,	0.127391040325,	0.061433609575,	-0.328133583069,	0.515110075474,	-0.787608623505
3.57096195221,	3,	1.30033302307,	0.417265564203,	1.32692825794,	4.904047966,	-7.86654567719,	50.2185783386,	0.0176517684013,	0.131451323628,	0.0566017515957,	-0.379216402769,	0.574706673622,	-0.816874802113
3.5836930275,	3,	1.29310262203,	0.421194732189,	1.33337569237,	5.11449384689,	-8.1659078598,	50.2996711731,	-0.00660075107589,	0.125360906124,	0.0655752047896,	-0.43242764473,	0.61035823822,	-0.845076799393
3.5953168869,	3,	1.28486835957,	0.426920086145,	1.3392277956,	5.2828502655,	-8.40539741516,	50.3645477295,	-0.0166156832129,	0.125360906124,	0.068336263299,	-0.488831579685,	0.628450036049,	-0.875407159328
3.60775303841,	3,	1.27463757992,	0.434830158949,	1.34379887581,	5.27235746384,	-8.46384048462,	50.5506706238,	-0.0266306158155,	0.106074616313,	0.066955730319,	-0.540446519852,	0.625789523125,	-0.903077065945
3.61901807785,	3,	1.26277589798,	0.445560902357,	1.34663486481,	5.2639632225,	-8.51059436798,	50.6995697021,	-0.0386940576136,	0.0898335278034,	0.0641946718097,	-0.580887079239,	0.60184442997,	-0.927022099495
3.63129496574,	3,	1.24958360195,	0.459665745497,	1.34735500813,	5.11189842224,	-8.68042564392,	50.5493888855,	-0.0498470515013,	0.0720698386431,	0.0586725473404,	-0.606960594654,	0.554486393929,	-0.956820428371
3.64289307594,	3,	1.23405957222,	0.475423574448,	1.34529650211,	4.99024677277,	-8.81629085541,	50.4292449951,	-0.054626904428,	0.0609040856361,	0.0628141388297,	-0.616538584232,	0.483715444803,	-0.990343511105
3.65548801422,	3,	1.21639204025,	0.493932187557,	1.33988904953,	4.74764919281,	-8.92511558533,	50.3331565857,	-0.063048556447,	0.0466931313276,	0.0648849382997,	-0.617602825165,	0.401237994432,	-1.02014172077
3.66711997986,	3,	1.19649469852,	0.515819787979,	1.33030748367,	4.55357122421,	-9.01217556,	50.2562866211,	-0.0619104914367,	0.024361634627,	0.0572920180857,	-0.603235781193,	0.305457741022,	-1.03770148754
3.67956900597,	3,	1.17289865017,	0.541825294495,	1.314204216,	4.68893432617,	-8.94926261902,	50.4640617371,	-0.0603172071278,	0.00101506814826,	0.0586725473404,	-0.572373270988,	0.210209608078,	-1.05472910404
3.69098091125,	3,	1.1492805481,	0.571975886822,	1.294957757,	4.79722499847,	-8.89893245697,	50.6302833557,	-0.05940676108,	-0.0143397031352,	0.0476283058524,	-0.527143657207,	0.120282582939,	-1.06430709362
3.70360898972,	3,	1.1238130331,	0.615530371666,	1.26853275299,	4.73835897446,	-9.12634944916,	50.6300201416,	-0.0603172071278,	-0.0842457562685,	0.0483185686171,	-0.463822305202,	0.0319518968463,	-1.07441723347
3.71490192413,	3,	1.09726846218,	0.663981020451,	1.23960065842,	4.69126605988,	-9.30828285217,	50.6298103333,	-0.059634372592,	-0.159529194236,	0.0476283058524,	-0.384537518024,	-0.0569108948112,	-1.07760989666
3.72708797455,	3,	1.06874346733,	0.709773421288,	1.20756542683,	4.79876995087,	-9.58697891235,	50.4954223633,	-0.0553097426891,	-0.138019636273,	0.0427964478731,	-0.297271072865,	-0.143113136292,	-1.07441723347
3.73897004128,	3,	1.03778851032,	0.756601154804,	1.17213439941,	4.88477277756,	-9.80993556976,	50.3879089355,	-0.0503022745252,	-0.193585991859,	0.0414159186184,	-0.203619256616,	-0.220801562071,	-1.07282090187
3.75122404099,	3,	1.00388336182,	0.802480995655,	1.13260996342,	4.95367383957,	-9.8550195694,	50.4360961914,	-0.0487089902163,	-0.247359886765,	0.0455575101078,	-0.104114204645,	-0.287847757339,	-1.06537127495
3.76311206818,	3,	0.967026412487,	0.84611427784,	1.08912789822,	5.00879430771,	-9.89108657837,	50.4746437073,	-0.0468880943954,	-0.241982489824,	0.0414159186184,	0.00230829883367,	-0.350637018681,	-1.0568574667
3.77499294281,	3,	0.926697969437,	0.887613236904,	1.04111993313,	5.05271911621,	-10.1855182648,	50.1019630432,	-0.0482537671924,	-0.268869429827,	0.0421061813831,	0.117244616151,	-0.407573074102,	-1.05153644085
3.78670191765,	3,	0.881979107857,	0.926689088345,	0.987290918827,	5.08785915375,	-10.4210634232,	49.8038215637,	-0.0427910760045,	-0.267076969147,	0.0441769771278,	0.234309375286,	-0.460784316063,	-1.05472910404
3.79935407639,	3,	0.831738352776,	0.963412463665,	0.926416873932,	5.55184745789,	-10.4777927399,	49.9696807861,	-0.0336865931749,	-0.285001605749,	0.0510796308517,	0.356695264578,	-0.503353357315,	-1.06324291229
3.81169009209,	3,	0.776483356953,	0.996288657188,	0.859089195728,	5.92303848267,	-10.5231761932,	50.1023674011,	-0.0305000226945,	-0.216888010502,	0.0476283058524,	0.476952701807,	-0.532087385654,	-1.07601356506
3.82310509682,	3,	0.714943051338,	1.02600753307,	0.783805966377,	6.07461643219,	-10.692896843,	50.074344635,	-0.0225335974246,	-0.198963388801,	0.0517698973417,	0.587099969387,	-0.544326007366,	-1.10155498981
3.83485007286,	3,	0.647359848022,	1.046631217,	0.698362290859,	6.19587850571,	-10.8286733627,	50.0519294739,	-0.0145671749488,	-0.0860382169485,	0.0531504265964,	0.685540795326,	-0.54272967577,	-1.12816059589
3.84733986855,	3,	0.581133902073,	1.04962670803,	0.61318898201,	6.29313564301,	-10.668759346,	50.0321350098,	-0.0113806053996,	-0.0340567938983,	0.0655752047896,	0.765357673168,	-0.525702059269,	-1.14731669426
3.85877490044,	3,	0.556668639183,	1.03222894669,	0.58791154623,	6.37094163895,	-10.5408287048,	50.0162963867,	-0.00728358747438,	0.00862807873636,	0.069716796279,	0.829211175442,	-0.495371639729,	-1.17658281326
3.87114906311,	3,	0.550541937351,	1.01431524754,	0.581358194351,	6.57893228531,	-9.90226840973,	50.1350021362,	-0.000682836340275,	0.0314671099186,	0.0814513042569,	0.879229784012,	-0.455463200808,	-1.2069132328
3.88247609138,	3,	0.549580931664,	0.998771309853,	0.57773900032,	6.74532461166,	-9.39142036438,	50.22996521,	-0.00318656954914,	0.0492308028042,	0.0897344872355,	0.907431721687,	-0.407573074102,	-1.23724365234
3.89515209198,	3,	0.555136084557,	0.985145926476,	0.578642427921,	7.31448936462,	-8.71479606628,	50.439125061,	-0.0,	0.0715622976422,	0.0918052792549,	0.91488134861,	-0.354893922806,	-1.28247320652
3.90656495094,	3,	0.564534425735,	0.971668303013,	0.583564400673,	7.76982116699,	-8.17349720001,	50.6064529419,	0.0147098070011,	0.0938937962055,	0.110442444682,	0.901046395302,	-0.290508300066,	-1.33940923214
3.9199090004,	3,	0.560537278652,	0.960765004158,	0.575792431831,	8.27966117859,	-7.46981954575,	50.4681739807,	-0.0134291145951,	0.0842506513,	0.153238892555,	0.853156268597,	-0.206434518099,	-1.39847373962
3.93153905869,	3,	0.462467908859,	1.0426363945,	0.46159529686,	8.6875333786,	-6.9068775177,	50.35754776,	-7.4581656456,	-58.7354240417,	22.6186122894,	0.406713843346,	3.49760103226,	-5.11315155029
3.94438695908,	3,	0.491308242083,	1.22278881073,	0.508027970791,	8.72396945953,	-5.65315628052,	50.5337638855,	-2.73976683617,	0.965329766273,	22.6186122894,	-0.43242764473,	15.8841171265,	-5.9655957222
3.9545340538,	3,	1.05003428459,	1.3455324173,	1.09272480011,	8.75311851501,	-4.65017938614,	50.6747360229,	13.898806572,	9.01228237152,	22.0960826874,	0.790367007256,	17.4612979889,	-0.645534574986
3.96710801125,	3,	1.89429962635,	1.41454541683,	1.93132996559,	5.43461465836,	-4.38692188263,	50.6567001343,	9.02201461792,	8.73415374756,	-9.58158874512,	-0.0822975933552,	13.4007482529,	-7.59173154831
3.97853398323,	3,	2.01354956627,	1.36112976074,	2.02051663399,	2.77981185913,	-4.17631578445,	50.6422729492,	7.77756547928,	7.63635730743,	-0.315321803093,	2.59742116928,	3.22409510612,	-0.0814952477813
3.99069309235,	3,	1.9185141325,	1.32466685772,	1.84821176529,	-1.37784719467,	-4.00771093369,	50.3608360291,	-2.92822980881,	0.598890185356,	-0.380560815334,	6.27485084534,	-1.94112145901,	4.1041021347
4.00261592865,	3,	1.71047341824,	1.29461848736,	1.57062518597,	-4.70397424698,	-3.87282681465,	50.1356887817,	-0.88290733099,	2.33973193169,	4.62753820419,	6.78301858902,	-4.02061748505,	2.20339608192
4.01496100426,	3,	1.53487420082,	1.21174776554,	1.33813035488,	-7.21831226349,	-2.42014360428,	49.6759757996,	-1.68364667892,	3.79026436806,	7.63433408737,	5.65600395203,	-4.76983165741,	5.55996227264
4.0267829895,	3,	1.45334386826,	1.10939264297,	1.20956420898,	-9.22978210449,	-1.25799703598,	49.3082046509,	-1.27348971367,	3.77909851074,	10.1655368805,	5.30480957031,	-4.35425186157,	6.27139663696
4.03870391846,	3,	1.4093477726,	0.99830031395,	1.13367128372,	-9.67551136017,	1.01545011997,	49.0044670105,	-0.924105167389,	2.61481547356,	12.5110578537,	4.56038427353,	-4.36595821381,	6.40921401978
4.05105304718,	3,	1.36854958534,	0.895394563675,	1.07718193531,	-10.0320949554,	2.83420777321,	48.7614784241,	-0.993071615696,	3.1116912365,	12.1265802383,	3.00023031235,	-4.49366521835,	5.71640348434
4.0628528595,	3,	1.33018112183,	0.80517488718,	1.03586697578,	-9.00873661041,	5.49979496002,	48.4233474731,	-1.00467979908,	3.56238150597,	11.4604740143,	1.75615119934,	-4.2174987793,	4.78786706924
4.07425808907,	3,	1.29974246025,	0.734324574471,	1.00656807423,	-8.19005012512,	7.63226461411,	48.1528434753,	-0.835564017296,	3.50807523727,	10.4236955643,	1.39750730991,	-3.70081758499,	3.25218987465
4.08699798584,	3,	1.27571320534,	0.679600596428,	0.983322143555,	-6.2272439003,	9.74223232269,	47.9334144592,	-0.721985578537,	2.83204007149,	9.42212104797,	1.46614992619,	-3.29854059219,	1.92935812473
4.09921693802,	3,	1.28307342529,	0.623292684555,	1.00573050976,	-4.65699863434,	11.4302062988,	47.7578735352,	-0.650515377522,	1.95045340061,	8.74980258942,	1.62471938133,	-3.03195214272,	1.11309742928
4.11090898514,	3,	1.25794363022,	0.62236559391,	0.918441712856,	-2.23841834068,	12.9178819656,	47.3460502625,	-0.606131017208,	1.5154966116,	8.82711219788,	1.87853705883,	-3.03354859352,	0.680489897728
4.12246704102,	3,	1.23066616058,	0.620326220989,	0.829725384712,	-0.303554087877,	14.1080226898,	47.0165901184,	-0.6263884902,	1.48453712463,	9.36137771606,	2.08552885056,	-3.31503605843,	0.27980914712
4.13463902473,	3,	1.2023537159,	0.610329031944,	0.742971837521,	1.68056237698,	15.4643182755,	46.6150245667,	-0.709466934204,	1.83981096745,	8.95688247681,	2.22866725922,	-3.68378996849,	0.214359328151
4.14615297318,	3,	1.17894494534,	0.589467585087,	0.663845300674,	3.26785564423,	16.5493545532,	46.2937698364,	-0.713791549206,	2.31537032127,	9.12668704987,	2.39309000969,	-3.79553365707,	0.676765143871
4.15879702568,	3,	1.16056799889,	0.567468822002,	0.591307461262,	5.26464223862,	17.958070755,	45.627532959,	-0.576086223125,	2.3488676548,	9.5905456543,	2.39841103554,	-3.46349549294,	0.861940264702
4.17014503479,	3,	1.14341068268,	0.550718307495,	0.527362585068,	6.86207151413,	19.0850448608,	45.094543457,	-0.388761460781,	1.90274512768,	9.62505912781,	2.01422572136,	-2.72492313385,	0.792765676975
4.18281292915,	3,	1.12288236618,	0.538732767105,	0.474818229675,	9.01226902008,	20.528427124,	44.1237640381,	-0.285653203726,	1.270357728,	9.17293548584,	1.22776341438,	-1.86502933502,	0.798618912697
4.19538187981,	3,	1.09577643871,	0.531554043293,	0.431440889835,	10.7324266434,	21.683134079,	43.3471412659,	-0.175488933921,	0.99781191349,	8.50475883484,	0.298694998026,	-1.14188838005,	0.62940710783
4.20670294762,	3,	1.06235349178,	0.527756035328,	0.393951207399,	12.1086292267,	22.6098556519,	42.3204612732,	-0.0739739313722,	0.972942769527,	7.78136062622,	-0.48457467556,	-0.658198058605,	0.421351104975
4.21852493286,	3,	1.02556431293,	0.523822546005,	0.360810786486,	13.2095909119,	23.351234436,	41.4991188049,	0.093162111938,	1.06988179684,	7.01378536224,	-0.984228372574,	-0.372985750437,	0.422947436571
4.23043704033,	3,	0.989638209343,	0.515553772449,	0.333495557308,	14.2356109619,	23.9434833527,	40.9771461487,	0.0794329568744,	1.20387077332,	6.13645839691,	-1.20133030415,	-0.264434814453,	0.714012980461
4.2423620224,	3,	0.956096768379,	0.503760814667,	0.311045795679,	15.056427002,	24.4172821045,	40.5595664978,	-0.0302724093199,	1.1683434248,	5.36129045486,	-1.24443149567,	-0.246875077486,	0.975812375546
4.25481390953,	3,	0.923973739147,	0.490999311209,	0.291281700134,	16.0032348633,	24.3927974701,	40.3633728027,	-0.0580410882831,	0.999842047691,	4.61580371857,	-1.25666999817,	-0.226654797792,	1.04817974567
4.26604008675,	3,	0.8921854496,	0.479488939047,	0.272343486547,	16.7606811523,	24.373210907,	40.2064208984,	0.00784523040056,	0.769929170609,	4.14573335648,	-1.27103710175,	-0.133535116911,	1.01891350746
4.27834701538,	3,	0.86366301775,	0.467209786177,	0.258023291826,	17.5115432739,	23.9548721313,	40.0836257935,	0.0362841896713,	0.823220252991,	3.83718466759,	-1.21463310719,	0.0229059848934,	1.12107920647
4.29024004936,	3,	0.837334096432,	0.456517666578,	0.245359003544,	18.1122341156,	23.6202011108,	39.9853897095,	0.0902201533318,	0.777542173862,	3.43959188461,	-1.12151348591,	0.170301169157,	1.01678514481
4.30272293091,	3,	0.814433932304,	0.447255522013,	0.235493600368,	18.7381858826,	23.48686409,	39.9058456421,	0.0176517684013,	0.782109975815,	3.15175127983,	-0.974118232727,	0.29002648592,	0.926858007908
4.31406998634,	3,	0.795667231083,	0.438224941492,	0.229728862643,	19.238948822,	23.3801937103,	39.8422088623,	-0.0482537671924,	0.802918851376,	2.8059284687,	-0.824062466621,	0.403898566961,	0.962509572506
4.32625699043,	3,	0.780525922775,	0.429746955633,	0.228733673692,	19.4934883118,	22.4871501923,	40.0671691895,	-0.0785261765122,	0.77195930481,	2.44975137711,	-0.713383078575,	0.577367246151,	1.03168427944
4.33806991577,	3,	0.768674969673,	0.422709643841,	0.23275308311,	19.6971206665,	21.7727165222,	40.2471351624,	-0.0889963358641,	0.816622257233,	2.22403478622,	-0.650593817234,	0.809900462627,	1.02795946598
4.35016703606,	3,	0.758690476418,	0.417311221361,	0.239574566483,	20.0052528381,	21.1993293762,	40.6613388062,	-0.0819403603673,	0.794798314571,	2.07079577446,	-0.601639449596,	0.996671915054,	1.00933551788
4.36190795898,	3,	0.750564455986,	0.411860853434,	0.248694181442,	20.2517585754,	20.7406196594,	40.9927024841,	-0.0694216936827,	0.739984631538,	1.87545073032,	-0.532464802265,	1.07436037064,	1.09340929985
4.37430286407,	3,	0.743951022625,	0.405033707619,	0.259070724249,	20.593744278,	19.8367156982,	41.2614936829,	-0.0300447978079,	0.664362072945,	1.68355703354,	-0.436152428389,	1.04296576977,	1.19876754284
4.38595199585,	3,	0.739822983742,	0.396900802851,	0.271984249353,	20.8673324585,	19.1135921478,	41.476524353,	-0.0154776228592,	0.662331938744,	1.42263674736,	-0.351546555758,	0.960488319397,	1.18440055847
4.39874601364,	3,	0.733788669109,	0.390666484833,	0.279771119356,	20.7956733704,	18.6651535034,	42.1881752014,	-0.0154776228592,	0.555749773979,	1.34739780426,	-0.298335283995,	0.860451102257,	0.918876349926
4.41001105309,	3,	0.725456655025,	0.385536015034,	0.282542973757,	20.7383460999,	18.3064022064,	42.7574958801,	-0.0309552457184,	0.410087525845,	1.16447746754,	-0.288757264614,	0.705074250698,	0.740618646145
4.42218089104,	3,	0.715440571308,	0.379850715399,	0.282053411007,	20.83751297,	17.7509994507,	43.2147903442,	-0.0,	0.347153276205,	1.02849531174,	-0.3121702075,	0.529477119446,	0.582581222057
4.43407607079,	3,	0.704617738724,	0.373424202204,	0.280690521002,	20.9168453217,	17.3066768646,	43.5806274414,	-0.0079664234072,	0.314163565636,	0.927716553211,	-0.360592454672,	0.387935191393,	0.537351608276
4.44649291039,	3,	0.694065868855,	0.36634260416,	0.280710935593,	20.6896362305,	16.8166866302,	43.8742790222,	-0.0241268835962,	0.33751013875,	0.911840438843,	-0.414335817099,	0.307586193085,	0.531498372555
4.45802998543,	3,	0.684950470924,	0.359511584044,	0.28430467844,	20.5078678131,	16.4246959686,	44.1091995239,	-0.054626904428,	0.368469715118,	0.823486506939,	-0.47606086731,	0.308118313551,	0.527773618698
4.47012591362,	3,	0.679503440857,	0.353444427252,	0.294932633638,	20.2170791626,	15.977689743,	44.1629676819,	-0.0801194608212,	0.50905662775,	0.801397979259,	-0.531400561333,	0.396981090307,	0.547993898392
4.48178792,	3,	0.675831258297,	0.349322646856,	0.309661835432,	19.9844474792,	15.6200847626,	44.2059822083,	-0.120406806469,	0.696844220161,	0.911840438843,	-0.603767871857,	0.550229489803,	0.56395727396
4.49434900284,	3,	0.669731080532,	0.346872448921,	0.323718905449,	19.6529178619,	15.1986150742,	44.3764762878,	-0.11426127702,	0.757240772247,	1.11063683033,	-0.727218031883,	0.717844963074,	0.500103771687
4.50609493256,	3,	0.660589814186,	0.346345096827,	0.336463391781,	19.3876934052,	14.8614397049,	44.5128707886,	-0.111757546663,	0.736431896687,	1.20520317554,	-0.89855825901,	0.862047493458,	0.421351104975
4.51823806763,	3,	0.648496985435,	0.346868216991,	0.348480850458,	19.1753406525,	14.4554605484,	44.8931732178,	-0.059634372592,	0.730849027634,	1.26732707024,	-1.10501801968,	0.950910270214,	0.300029426813
4.52987003326,	3,	0.634043335915,	0.347641319036,	0.360516101122,	19.0054569244,	14.1306772232,	45.1974143982,	-0.0186641924083,	0.762823700905,	1.32254827023,	-1.31892716885,	0.970066308975,	0.223405241966
4.54201102257,	3,	0.617585599422,	0.346854269505,	0.373097956181,	18.7240276337,	13.602183342,	45.4426956177,	0.145136758685,	0.901380479336,	1.6041765213,	-1.49718487263,	0.912066042423,	0.112725831568
4.55352902412,	3,	0.598473131657,	0.347658514977,	0.381215840578,	18.498884201,	13.1793889999,	45.6389198303,	-0.0166156832129,	1.03435444832,	1.90720295906,	-1.613717556,	0.80457931757,	0.0148171186447
4.5663330555,	3,	0.577482163906,	0.348681539297,	0.385252326727,	18.0277690887,	12.4351301193,	46.2041282654,	-0.0113806053996,	1.03790712357,	2.03835344315,	-1.64617645741,	0.651330888271,	-0.242193236947
4.57763409615,	3,	0.557799100876,	0.346628308296,	0.390999436378,	17.6508769989,	11.8397226334,	46.6562957764,	0.235356912017,	1.13890635967,	2.13499045372,	-1.6153138876,	0.451788693666,	-0.394377440214
4.59132003784,	3,	0.538730323315,	0.342873454094,	0.39575830102,	17.2039375305,	11.228012085,	47.1541099548,	0.11669780314,	1.20031797886,	2.23507905006,	-1.56635951996,	0.244264811277,	-0.27837690711
4.60196089745,	3,	0.519206404686,	0.337041705847,	0.398395061493,	16.8463859558,	10.7386436462,	47.5523643494,	-0.000910448434297,	1.13230848312,	2.35380458832,	-1.52432262897,	0.0468510501087,	-0.108632989228
4.6141500473,	3,	0.498888790607,	0.32535931468,	0.402557104826,	16.5599479675,	9.94336128235,	48.0088882446,	0.292234838009,	0.991721510887,	2.65752124786,	-1.5301759243,	-0.155883818865,	0.185093134642
4.62587404251,	3,	0.479411333799,	0.30754455924,	0.413288980722,	16.3307991028,	9.30713558197,	48.3741073608,	0.678612411022,	0.972435235977,	3.07513189316,	-1.579662323,	-0.34957280755,	0.54426908493
4.63830304146,	3,	0.470791578293,	0.284859508276,	0.450979441404,	16.2921886444,	8.12892246246,	48.4006614685,	1.36310875416,	1.14296662807,	3.0992910862,	-1.59935057163,	-0.4927110672,	0.836930990219
4.6496489048,	3,	0.469079107046,	0.261814683676,	0.50955671072,	16.2612991333,	7.18635177612,	48.4219055176,	1.80342233181,	0.728311359882,	4.59785699844,	-1.43705618382,	-0.454931080341,	0.943885624409
4.66191387177,	3,	0.470771998167,	0.242879927158,	0.550629496574,	16.2364387512,	6.29704236984,	48.5749588013,	2.50557041168,	1.3581610918,	4.68483066559,	-0.849603891373,	-0.269755929708,	0.458066850901
4.67386102676,	3,	0.479501277208,	0.220764771104,	0.595017254353,	16.216550827,	5.58559465408,	48.6973991394,	2.19176125526,	1.3551158905,	4.06980419159,	-0.264280080795,	-0.23304015398,	1.15194165707
4.68626093864,	3,	0.486334353685,	0.197529837489,	0.632217884064,	16.3457927704,	4.8823018074,	48.796257019,	1.53668451309,	1.06226873398,	3.89240598679,	0.0821251869202,	-0.259113669395,	1.40043818951
4.69914293289,	3,	0.486028015614,	0.177011594176,	0.648534357548,	16.4491863251,	4.31966733932,	48.8753433228,	1.09146773815,	0.719175755978,	3.94279527664,	0.19972205162,	-0.360215067863,	1.19397854805
4.71022701263,	3,	0.483361691236,	0.157507583499,	0.65801602602,	16.5316791534,	3.60201096535,	48.8053512573,	0.925737202168,	0.497383356094,	3.40922021866,	0.195465162396,	-0.470362365246,	0.97155547142
4.7214179039,	3,	0.479247361422,	0.139294356108,	0.66369843483,	16.5976734161,	3.02788591385,	48.7493553162,	0.745296895504,	0.414655327797,	3.06132650375,	0.164070516825,	-0.500692784786,	0.952931523323
4.73376202583,	3,	0.473977118731,	0.123478643596,	0.665911793709,	16.6503200531,	2.43333292007,	48.8406181335,	0.519746541977,	0.325329333544,	2.92327356339,	0.152364045382,	-0.445885181427,	1.12001490593
4.74572706223,	3,	0.46886920929,	0.108966141939,	0.668827533722,	16.6924381256,	1.95769059658,	48.9136276245,	0.434429645538,	0.26950058341,	2.7030787468,	0.17311643064,	-0.359682947397,	1.20887768269
4.75765705109,	3,	0.464736312628,	0.0953460857272,	0.673112571239,	17.0169830322,	1.84794688225,	48.6998672485,	0.399126112461,	0.266455382109,	2.50911426544,	0.232180923223,	-0.279866069555,	1.24506139755
4.76955103874,	3,	0.461590200663,	0.0821345224977,	0.677780330181,	17.2766189575,	1.7601518631,	48.5288581848,	0.356958001852,	0.238033473492,	2.31860113144,	0.31997948885,	-0.25485676527,	1.31742870808
4.78178787231,	3,	0.459961652756,	0.0697834342718,	0.682302355766,	17.4840297699,	1.41941010952,	48.6641693115,	0.252028018236,	0.249199211597,	2.18607020378,	0.42427355051,	-0.283058732748,	1.27645599842
4.79341101646,	3,	0.459457308054,	0.0574118681252,	0.685708224773,	17.6499576569,	1.1468167305,	48.7724151611,	0.253989338875,	0.241078674793,	2.04801702499,	0.526971280575,	-0.350637018681,	1.13172137737
4.805590868,	3,	0.459966391325,	0.0435666851699,	0.689590036869,	17.782875061,	1.0649805069,	48.5878295898,	0.353035360575,	0.250721812248,	2.05284905434,	0.614237725735,	-0.434178709984,	1.04764759541
4.81745505333,	3,	0.4612377882,	0.0300989747047,	0.692575097084,	17.88920784,	0.999511599541,	48.440158844,	0.294196158648,	0.271023184061,	2.04594635963,	0.669577419758,	-0.493775308132,	1.019977808
4.82991409302,	3,	0.462948292494,	0.0183277558535,	0.694701731205,	18.2646770477,	0.812147974968,	48.4580307007,	0.1667111516,	0.296399891376,	1.99486660957,	0.680219709873,	-0.490050494671,	0.994968414307
4.84139609337,	3,	0.46451073885,	0.00906250346452,	0.696281671524,	18.5650539398,	0.66225707531,	48.472328186,	0.0235356912017,	0.30350536108,	2.00107908249,	0.652549862862,	-0.417683213949,	1.01093184948
4.85394191742,	3,	0.465334415436,	0.00189052638598,	0.698131978512,	18.9508056641,	0.678715109825,	48.2125549316,	-0.0106977690011,	0.292339622974,	1.91893744469,	0.589228451252,	-0.278269737959,	1.00348234177
4.86514592171,	3,	0.4649079144,	-0.00239679450169,	0.69999986887,	19.2594070435,	0.691881537437,	48.004737854,	-0.0368731617928,	0.257827311754,	1.76638889313,	0.491851836443,	-0.079791739583,	0.960381090641
4.87796187401,	3,	0.46284365654,	-0.00387516105548,	0.701913535595,	19.5062122345,	0.699457764626,	48.2438621521,	-0.0589515343308,	0.210119098425,	1.55723845959,	0.364144831896,	0.115493565798,	0.928986489773
4.88927507401,	3,	0.458779722452,	-0.00419795233756,	0.704444885254,	19.7036552429,	0.705518722534,	48.4351615906,	-0.0455224215984,	0.178144454956,	1.43230044842,	0.210364311934,	0.239475786686,	0.967298567295
4.90185308456,	3,	0.452598899603,	-0.00534593639895,	0.708777487278,	20.0068397522,	0.579189419746,	48.1837272644,	-0.00933209620416,	0.163933500648,	1.38467216492,	0.0448773019016,	0.278852105141,	1.12640023232
4.91359090805,	3,	0.444298833609,	-0.00979294627905,	0.716685950756,	20.2493877411,	0.478125989437,	47.9825820923,	0.125523686409,	0.176114320755,	1.44472527504,	-0.113692231476,	0.26820987463,	1.36212611198
4.92587399483,	3,	0.434614032507,	-0.0176994353533,	0.729847311974,	20.2982959747,	0.661734879017,	48.3603363037,	0.280467003584,	0.222299918532,	1.59313225746,	-0.253105729818,	0.250650167465,	1.60849428177
4.9371509552,	3,	0.423483490944,	-0.0274351239204,	0.747481048107,	20.3374214172,	0.808622002602,	48.6625366211,	0.44031354785,	0.257319748402,	1.82022953033,	-0.388262301683,	0.280980557203,	1.78355932236
4.95554089546,	3,	0.409742206335,	-0.0364133045077,	0.765742659569,	20.368303299,	0.392019718885,	48.5026435852,	0.510920643806,	0.20199854672,	1.88235342503,	-0.543639183044,	0.385274618864,	1.86603677273
4.96158885956,	3,	0.393056333065,	-0.0428626053035,	0.780998706818,	20.3930091858,	0.0587378777564,	48.3747291565,	0.511901319027,	0.123838305473,	1.88994634151,	-0.696887612343,	0.515110075474,	1.89051389694
4.97365093231,	3,	0.375184565783,	-0.0491559766233,	0.799981534481,	20.2672748566,	-0.475568622351,	48.1391601562,	0.598198831081,	0.113687627017,	1.9251499176,	-0.8182092309,	0.61248666048,	1.93042230606
4.98543596268,	3,	0.358724981546,	-0.0571190416813,	0.830344438553,	20.1666870117,	-0.903013825417,	47.9507026672,	0.763929307461,	0.186772525311,	2.06734442711,	-0.894301354885,	0.660908937454,	1.98522996902
4.99901294708,	3,	0.342928439379,	-0.0651440024376,	0.864900231361,	19.9405441284,	-1.64888954163,	47.9378852844,	0.91396933794,	0.260364979506,	2.37865424156,	-0.925163865089,	0.669422745705,	2.05121183395
5.00924706459,	3,	0.327429622412,	-0.0735456421971,	0.901339888573,	19.7596302032,	-2.24559020996,	47.9276313782,	1.10519683361,	0.311118364334,	2.82801675797,	-0.913457393646,	0.631110608578,	2.15603804588
5.02135491371,	3,	0.313258051872,	-0.0839464887977,	0.945031046867,	19.1787719727,	-2.99385309219,	48.191619873,	1.3699734211,	0.339032739401,	3.16624689102,	-0.886851787567,	0.553422212601,	2.35025906563
5.03296303749,	3,	0.298699319363,	-0.0958161652088,	0.992700278759,	18.7140865326,	-3.59246325493,	48.4028129578,	1.50530362129,	0.289801955223,	3.47755646706,	-0.860778272152,	0.475733757019,	2.64983844757
5.04537391663,	3,	0.284639745951,	-0.106766305864,	1.03977024555,	18.0513153076,	-4.60769939423,	48.4404182434,	1.63180792332,	0.372529983521,	3.90966248512,	-0.771915435791,	0.477862209082,	2.74827933311
5.05726099014,	3,	0.272958368063,	-0.115183293819,	1.08515429497,	17.5210971832,	-5.4198884964,	48.470500946,	1.64063382149,	0.618683993816,	4.16299009323,	-0.57822650671,	0.58002781868,	2.81745386124
5.06967306137,	3,	0.263989776373,	-0.121796675026,	1.13177490234,	17.5326042175,	-6.20449542999,	48.6305503845,	1.68476331234,	0.780587375164,	4.44806957245,	-0.319619804621,	0.715184390545,	3.06541824341
5.08128499985,	3,	0.258676558733,	-0.12709595263,	1.18032252789,	17.541809082,	-6.83218097687,	48.7585868835,	1.83774518967,	0.897320210934,	4.43909597397,	-0.0514350682497,	0.851405203342,	3.13725352287
5.09323692322,	3,	0.256541401148,	-0.131769627333,	1.22999453545,	16.822719574,	-7.46728658676,	48.5918235779,	1.93679130077,	0.931324958801,	4.25065374374,	0.169923752546,	0.925368845463,	3.10958361626
5.1048810482,	3,	0.255631536245,	-0.136331424117,	1.27760767937,	16.2474479675,	-7.97537088394,	48.4584121704,	1.8965845108,	0.855194866657,	4.30518436432,	0.321043729782,	0.887588858604,	3.01486754417
5.11767292023,	3,	0.255324959755,	-0.142050981522,	1.32243800163,	15.3510293961,	-8.78503704071,	48.3545532227,	1.82891941071,	0.721713423729,	4.27136135101,	0.413099199533,	0.728487193584,	2.83927035332
5.1288728714,	3,	0.255551666021,	-0.149740204215,	1.36364305019,	14.6338949203,	-9.43276977539,	48.2714691162,	1.76713812351,	0.63695526123,	4.11950302124,	0.459392994642,	0.490100800991,	2.59183812141
5.14118790627,	3,	0.255100399256,	-0.159208193421,	1.40139055252,	13.9148359299,	-9.95404529572,	48.6104049683,	1.63573050499,	0.506011426449,	3.98904299736,	0.442897498608,	0.251714378595,	2.38271784782
5.15285205841,	3,	0.252850860357,	-0.169677853584,	1.43583965302,	13.3395881653,	-10.3710660934,	48.8815536499,	1.46803879738,	0.390801221132,	3.93244123459,	0.359887927771,	0.0622823126614,	2.25341463089
5.16508889198,	3,	0.248336911201,	-0.181059896946,	1.46855759621,	12.7340154648,	-10.8380966187,	48.9643058777,	1.33761179447,	0.327359467745,	3.87100768089,	0.227924019098,	-0.0914982110262,	2.2406437397
5.1767718792,	3,	0.242223247886,	-0.193283304572,	1.50024747849,	12.2495574951,	-11.2117204666,	49.030506134,	1.2817145586,	0.395876556635,	3.74468922615,	0.0815930739045,	-0.215480446815,	2.23745107651
5.18957209587,	3,	0.234613567591,	-0.206267878413,	1.53150415421,	11.8621149063,	-11.3763523102,	49.08253479,	1.27092730999,	0.4197306633,	3.62596344948,	-0.049838732928,	-0.316049724817,	2.2161667347
5.20106196404,	3,	0.226073309779,	-0.220135048032,	1.56256008148,	11.5521612167,	-11.5080575943,	49.1241569519,	1.27583062649,	0.40602722764,	3.4471848011,	-0.133912503719,	-0.415554761887,	2.16614818573
5.21320486069,	3,	0.217659473419,	-0.23499776423,	1.59300255775,	11.1588954926,	-11.6145401001,	49.2926063538,	1.24641096592,	0.428866267204,	3.15934419632,	-0.160518139601,	-0.531023204327,	2.09484505653
5.22515702248,	3,	0.210019186139,	-0.250645190477,	1.62208390236,	10.8442831039,	-11.6997261047,	49.4273681641,	1.15226829052,	0.452212840319,	2.85907888412,	-0.126995056868,	-0.652876973152,	2.03311991692
5.23755097389,	3,	0.203691035509,	-0.26694008708,	1.64998197556,	10.737622261,	-12.0362768173,	49.5370140076,	1.1150033474,	0.452212840319,	2.65821170807,	-0.0354716926813,	-0.746528744698,	1.96128487587
5.24888586998,	3,	0.199132531881,	-0.28396871686,	1.67842102051,	10.6522941589,	-12.3055181503,	49.6247291565,	1.20522356033,	0.429881334305,	2.50704360008,	0.0954279974103,	-0.776327073574,	1.8942387104
5.26111602783,	3,	0.195674568415,	-0.299509912729,	1.70609664917,	10.2934789658,	-12.5211753845,	49.6949539185,	1.0787191391,	0.395369023085,	2.34276032448,	0.231648817658,	-0.715666234493,	1.8772110939
5.27342295647,	3,	0.193246543407,	-0.312874048948,	1.73326075077,	10.0064268112,	-12.6937007904,	49.7511329651,	0.974769890308,	0.378620386124,	2.19021177292,	0.354034692049,	-0.584234416485,	1.87401843071
5.28528594971,	3,	0.191054880619,	-0.323532134295,	1.76025700569,	10.0673627853,	-12.8304710388,	49.660900116,	0.86689800024,	0.344108074903,	2.05146837234,	0.438108474016,	-0.401719838381,	1.91392683983
5.29705286026,	3,	0.18847052753,	-0.330952942371,	1.78676497936,	10.1161117554,	-12.9398870468,	49.5887107849,	0.75510340929,	0.30249029398,	1.95345079899,	0.476952701807,	-0.189939022064,	1.94957840443
5.31021094322,	3,	0.185036674142,	-0.33666691184,	1.81610965729,	9.86468219757,	-12.8934173584,	49.5300788879,	0.783542394638,	0.239556074142,	1.82851266861,	0.474824249744,	0.0175848603249,	2.00066113472
5.32071900368,	3,	0.180623710155,	-0.341131418943,	1.84786188602,	9.66353797913,	-12.8562412262,	49.4831733704,	0.790407001972,	0.215194433928,	1.71945083141,	0.4460901618,	0.17349383235,	2.10655140877
5.33283305168,	3,	0.174950122833,	-0.345641106367,	1.88283371925,	9.35727119446,	-12.8295898438,	49.8510551453,	0.864936649799,	0.164948567748,	1.67527377605,	0.395539462566,	0.254907041788,	2.18796467781
5.34466290474,	3,	0.168207481503,	-0.350677400827,	1.91998922825,	9.11225700378,	-12.8082685471,	50.145362854,	0.945350289345,	0.110134892166,	1.665610075,	0.343924552202,	0.275127321482,	2.21989154816
5.35704302788,	3,	0.161391913891,	-0.356745541096,	1.95780301094,	8.62561988831,	-12.9237718582,	50.1115379333,	1.04341566563,	0.117240361869,	1.61245965958,	0.301355540752,	0.257035493851,	2.2284052372
5.36900496483,	3,	0.153477728367,	-0.362891197205,	1.99639797211,	8.23631000519,	-13.0161743164,	50.0844764709,	1.06695139408,	0.0918636620045,	1.68769860268,	0.280603170395,	0.222980290651,	2.30928635597
5.38119697571,	3,	0.144917935133,	-0.368672966957,	2.03454089165,	7.77961158752,	-13.0892429352,	49.9277267456,	1.07577729225,	0.0923711955547,	1.80780482292,	0.275282025337,	0.1820076406,	2.35504794121
5.39280986786,	3,	0.136613324285,	-0.374503701925,	2.07139635086,	7.41425275803,	-13.1476984024,	49.8023262024,	1.08068048954,	0.11825543642,	1.76914989948,	0.26410767436,	0.152209341526,	2.31939649582
5.40503287315,	3,	0.128326117992,	-0.379248321056,	2.1061706543,	7.26734018326,	-13.0610485077,	49.8361778259,	1.00418949127,	0.160380765796,	1.75672519207,	0.248144298792,	0.152209341526,	2.30290102959
5.41665506363,	3,	0.119366154075,	-0.381925612688,	2.13891005516,	7.14981031418,	-12.9917287827,	49.8632583618,	0.848265528679,	0.181697189808,	1.78571629524,	0.227391913533,	0.174025952816,	2.36675453186
5.42907190323,	3,	0.109950043261,	-0.383165568113,	2.17104244232,	6.47458314896,	-13.0700836182,	49.7508277893,	0.786484360695,	0.157843083143,	1.80435347557,	0.215685427189,	0.21712705493,	2.37952518463
5.44068789482,	3,	0.100002989173,	-0.383697330952,	2.20446658134,	5.93440151215,	-13.1327676773,	49.6608848572,	0.835517048836,	0.104044482112,	1.87614107132,	0.217813879251,	0.271934658289,	2.39655280113
5.45286297798,	3,	0.0901802554727,	-0.382013678551,	2.23527002335,	5.50200891495,	-13.4514493942,	49.5907936096,	0.780600428581,	0.126883506775,	2.0549197197,	0.207703739405,	0.335788160563,	2.39868116379
5.46484708786,	3,	0.0814066827297,	-0.377807021141,	2.2607831955,	5.15609455109,	-13.7063941956,	49.5347213745,	0.690380275249,	0.164441034198,	2.19159221649,	0.175776988268,	0.417201370001,	2.23532271385
5.47707390785,	3,	0.0730950683355,	-0.372156053782,	2.28403306007,	4.44388008118,	-13.50893116,	49.6222724915,	0.653115451336,	0.178144454956,	2.31031799316,	0.142253905535,	0.472541093826,	2.14965248108
5.4884428978,	3,	0.0646997690201,	-0.365855306387,	2.30628538132,	3.87410855293,	-13.3509607315,	49.6923141479,	0.640366911888,	0.181697189808,	2.47529125214,	0.100749120116,	0.482119113207,	2.1400744915
5.5024869442,	3,	0.0564558319747,	-0.359224200249,	2.32649874687,	3.41814231873,	-13.3598365784,	49.8844032288,	0.623695850372,	0.173069104552,	2.58780455589,	0.0475378632545,	0.469348400831,	2.03471636772
5.51265001297,	3,	0.0487144030631,	-0.352727323771,	2.34440016747,	3.05336952209,	-13.3669376373,	50.0380744934,	0.611927986145,	0.171038970351,	2.68444156647,	0.0113542126492,	0.426779389381,	1.90488100052
5.52594399452,	3,	0.0415270701051,	-0.347110003233,	2.36173033714,	2.32574772835,	-13.3720293045,	50.0259628296,	0.647231519222,	0.165456101298,	2.79971599579,	0.0124184368178,	0.350155204535,	1.82027506828
5.53665089607,	3,	0.0351052060723,	-0.342776864767,	2.37887072563,	1.74365031719,	-13.3761024475,	50.0162734985,	0.692341566086,	0.16799376905,	2.88185763359,	0.0406204015017,	0.251182258129,	1.76599955559
5.54901504517,	3,	0.0299543570727,	-0.338577955961,	2.39321494102,	0.987492918968,	-13.2473297119,	50.2778968811,	0.551127433777,	0.190325275064,	2.92810535431,	0.074675604701,	0.158062577248,	1.71757733822
5.56065392494,	3,	0.0259165503085,	-0.334355950356,	2.40484571457,	0.38256701827,	-13.1443119049,	50.4871940613,	0.42462310195,	0.198445811868,	2.97228240967,	0.100217014551,	0.0904842764139,	1.66117334366
5.57286405563,	3,	0.0228842031211,	-0.329605937004,	2.41333436966,	-0.101348392665,	-13.0609111786,	50.5195045471,	0.270660459995,	0.192355409265,	3.00058317184,	0.115648277104,	0.0574932992458,	1.61860442162
5.58437299728,	3,	0.0212684292346,	-0.323916584253,	2.41725158691,	-0.488480716944,	-12.9941911697,	50.5453529358,	0.0912008062005,	0.210626631975,	3.02681326866,	0.114584051073,	0.0596217513084,	1.53346633911
5.59677791595,	3,	0.0204863678664,	-0.317387104034,	2.41788768768,	-0.798284947872,	-13.0740966797,	50.4318351746,	-0.00933209620416,	0.199460878968,	3.0378575325,	0.0996849015355,	0.0894200503826,	1.41533744335
5.60819387436,	3,	0.0200415160507,	-0.310563892126,	2.41743850708,	-1.04612827301,	-13.1380214691,	50.3410224915,	-0.000910448434297,	0.20199854672,	3.08410525322,	0.0895747616887,	0.123475253582,	1.2892267704
5.62071609497,	3,	0.0199613962322,	-0.303772628307,	2.41688466072,	-1.38953030109,	-13.0540399551,	50.1323394775,	0.0392261520028,	0.215194433928,	3.12828230858,	0.0991527885199,	0.145823985338,	1.18067574501
